id,address
1,"1333 5th Ave # 300, Seattle, WA 98101"
2,"1835 12th Ave, Seattle, WA 98122"
3,"8414 Greenwood Ave N, Seattle, WA 98103 "
4,"8001 Greenwood Ave N, Seattle, WA 98103"
5,"2323 Elliott Ave, Seattle, WA 98121"
6,"17 Ave NE and Northeast 45th St, Seattle, WA 98105"
7,"501 S Jackson St, Suite 202, Seattle, WA 98104"
8,"2300 E Cherry St, Seattle, WA 98122"
9,"4775 Ballard Ave NW, Seattle, WA 98107"
10,"3801 W Government Way, Seattle, WA 98199"
11,"500 Aurora Ave N, Seattle, WA 98109"
12,"1300 1st Ave, Seattle, WA 98101"
13,"1400 E Prospect St, Seattle, WA 98112"
14,"158 Thomas St, Seattle, WA 98109"
15,"201 Mercer St, Seattle, WA 98109"
16,"226 1st Ave N Seattle, WA 98109"
17,"2227 5th Ave, Seattle, WA 98121"
18,"508 Maynard Ave S, Seattle, WA 98104"
19,"1411 21st Ave, Seattle, WA 98122"
20,"2100 4th Ave, Seattle, WA 98121"
21,"1403 NE 50th St. Seattle, WA 98105"
22,"2044 NW Market St Seattle, WA 98107"
23,"1515 12th Ave, Seattle, WA 98122"
24,"305 Harrison St, Seattle, WA 98109"
25,"2505 1st Ave, Seattle, WA 98121"
26,"601 N 59th St, Seattle, WA 98103"
27,"1010 Valley Street Seattle, WA 98109"
28,"1475 N Northlake Place, Seattle, WA 98103"
29,"3003 61st Ave SW, Seattle, WA 98116"
30,"2300 S Massachusetts St, Seattle, WA 98144"
31,"6000 16th Ave SW, Seattle, WA 98106"
32,"1521 10th Ave, Seattle, WA 98122"
33,"1634 11th Ave, Seattle, WA 98122"
34,"525 South Weller St. Seattle, WA 98144"
35,"1408 NE 42nd St, Seattle, WA 98105"
36,"3504 Fremont Ave N, Seattle, WA 98103"
37,"5614 22nd Ave NW, Seattle, WA 98107"
38,"2821 Beacon Ave S,. Seattle, WA 98144"
39,"12755 Greenwood Ave N, Seattle, WA 98133"
40,"425 Harvard Ave E, Seattle, WA 98102"
41,"4721 Rainier Ave S, Seattle, WA 98118"
42,"5423 Delridge Way SW, Seattle, WA 98106"
43,"2300 E Yesler Way, Seattle, WA 98122"
44,"731 N. 35th St. Seattle, WA 98103"
45,"7364 E. Green Lake Dr. N. Seattle, WA 98115"
46,"8016 Greenwood Ave N, Seattle, WA 98103"
47,"3411 S.W. Raymond St, Seattle, WA 98126"
48,"1000 4th Ave, Seattle, WA 98104"
49,"12501 28th Ave N.E. Seattle, WA 98125"
50,"1134 33rd Ave Seattle, WA 98122"
51,"2801 34th Ave W, Seattle, WA 98199"
52,"1000 4th Ave, Seattle, WA 98104"
53,"2401 24th Ave E, Seattle, WA 98112"
54,"3815 S Othello St #103, Seattle, WA 98118"
55,"6801 35th Ave NE, Seattle, WA 98115"
56,"10548 5th Ave NE Seattle, WA 98125"
57,"400 W. Garfield St. Seattle, WA 98119"
58,"9125 Rainier Ave S, Seattle, WA 98118"
59,"8604 8th Ave S Seattle, WA 98108"
60,"9010 35th Ave S.W. Seattle, WA 98126"
61,"5009 Roosevelt Way NE Seattle, WA 98105"
62,"1501 N. 45th St. Seattle, WA 98103"
63,"2306 42nd Ave SW Seattle, WA 98116"
64,"1101 15th Ave, Seattle, WA 98122"
65,"843 Hiawatha Pl S, Seattle, WA 98144"
66,"220 2nd Ave S, Seattle, WA 98104"
67,"115 N 85th St #202, Seattle, WA 98103"
68,"1315 E Pine St Seattle, WA 98122"
69,"420 N. 35th St. Seattle, WA 98103"
70,"10015 Lake City Way NE, Seattle, WA 98125"
71,"1702 Alki Ave S.W. Seattle, WA 98116"
72,"1100 E Pike St, Seattle, WA 98122"
73,"4711 California Ave SW, Seattle, WA 98116"
74,"115 Prefontaine Place S, Seattle, WA 98104"
75,"6014 12th Ave S, Seattle, WA 98108"
76,"1534 1st Ave S, Seattle, WA 98134"
77,"310 South Washington St, Seattle, WA 98104"
78,"2524 16th Ave S, Seattle, WA 98144"
79,"127 Boylston Ave E, Seattle, WA 98102"
80,"704 Terry Ave Seattle, WA 98104"
81,"116 Pike St, Seattle, WA 98101"
82,"3131 Western Ave #419, Seattle, WA 98121"
83,"4261 Roosevelt Way NE Seattle, WA 98105"
84,"623 Broadway E, Seattle, WA 98102"
85,"6525 Ellis Ave S, Seattle, WA 98108"
86,"3014 NW 67th St Seattle, WA 98117"
87,"7706 Aurora Ave N Seattle, WA 98103"
88,"800 East Roy St, Seattle, WA 98102"
89,"325 5th Ave N, Seattle, WA 98109"
90,"305 Harrison St Seattle, WA 98109"
91,"200 2nd Ave N, Seattle, WA 98109"
92,"305 Harrison St Seattle, WA 98109"
93,"8005 Greenwood Ave N, Seattle, WA 98103
"
94,"Seattle Center, 305 Harrison St, Seattle, WA 98109"
95,"15 Roy St, Seattle, WA 98109"
96,"2324 1st Ave # 112, Seattle, WA 98121"
97,"3931 Brooklyn Ave NE, Seattle, WA 98105"
98,"2031 3rd Ave, Seattle, WA 98121"
99,153 14th Ave Seattle WA 98122
100,"203 N 36th St, Seattle, WA 98103"
101,"4408 Delridge Way SW, Seattle, WA 98106"
102,"915 E Pine St, Seattle, WA 98122"
103,"1119 8th Ave, Seattle, WA 98101"
104,"608 NW 65th St Seattle, WA 98117"
105,"601 NW 80th St, Seattle, WA 98117"
106,"4916 Rainier Ave S, Seattle, WA 98118"
107,"11th Ave, Seattle, WA 98122"
108,
109,"109 Eastlake Ave E Seattle, WA 98109"
110,"319 12th Ave, Seattle, WA 98122"
111,"1201 S Vale St, Seattle, WA 98108"
112,
113,"13055 1st Ave NE Seattle, WA 98125"
114,"2018 A E. Union St, Seattle, WA 98122"
115,"3916 S Morgan St, Seattle, WA 98118"
116,"901 12th Ave Seattle, WA 98122"
117,"901 N 96th St, Seattle, WA 98103"
118,"412 N 36th St, Seattle, WA 98103"
119,"925 E Pike St, Seattle, WA 98122"
120,"219 1st Ave S, Seattle, WA 98104"
121,"2336 15th Ave S. Seattle, WA 98144"
122,"5000 Rainier Ave S. Seattle, WA 98118"
123,"2202 N 45th St, Seattle, WA 98103"
124,"200 University St, Seattle, WA 98101"
125,"2209 NW Market St, Seattle, WA 98107"
126,"5433 Ballard Ave NW, Seattle, WA 98107"
127,"4649 Sunnyside Ave N, 4th floor, Seattle, WA 98103"
128,"602 N 105th St, Seattle, WA 98133"
129,"5213 Ballard Ave NW, Seattle, WA 98107"
130,"216 Union St, Seattle, WA 98101"
131,"1308 5th Ave, Seattle, WA 98101"
132,"700 Union St, Seattle, WA 98101"
133,"9250 14th Ave NW Seattle, WA 98117"
134,
135,"4864 Rainier Ave S, Seattle, WA 98118"
136,"2200 2nd Ave, Seattle, WA 98121"
137,"4705 W Marginal Way SW, Seattle, WA 98106"
138,"2524 16th Ave S, Seattle, WA 98144"
139,"1524 Harvard Ave Seattle, WA 98122"
140,"2222 2nd Ave, Suite 200, Seattle, WA 98121"
141,"4272 Fremont Ave N, Seattle, WA 98103"
142,"5453 Leary Ave NW Seattle, WA 98107"
143,"5041 Rainier Ave S, Seattle, WA 98118"
144," 8735 Palatine Ave N Seattle, WA 98103"
145,"2220 NW Market Street Lower Level Seattle, WA 98107"
146,"7904 35th Ave SW, Seattle, WA 98126"
147,"12510 15th Ave NE Seattle, WA 98125"
148,"901 12th Ave Seattle, WA 98122"
149,"1404 18th Ave, Seattle, WA 98122"
150,
151,"100 W Roy St, Seattle, WA 98119"
152,"4205 University Way NE Seattle, WA 98105"
153,"2322 2nd Ave, Seattle, WA 98121"
154,"7400 Sand Point Way NE, Suite 203 S. Seattle, WA 98115"
155,"815 Seattle Blvd S, Seattle, WA 98134"
156,"674 S Orcas St, Seattle, WA 98108"
157,"305 Harrison Street Seattle, WA 98109"
158,"321 Mercer St, Seattle, WA 98109"
159,"201 Thomas St, Seattle, WA 98109"
160,"155 Mercer St, Seattle, WA 98109"
161,"112 5th Ave N Seattle, WA 98109"
162,"305 Harrison St Seattle, WA 98109"
163,"305 Harrison St Seattle, WA 98109"
164,"1625 Broadway, Seattle, WA 98122"
165,"4038 Stone Way N. Seattle, WA 98103"
166,"7312 Green Lake Trail, Seattle, WA 98103"
167,"1700 1st Ave South Seattle, WA 98134"
168,"3803 Delridge Way SW, Seattle, WA 98106"
169,"800 Lake Washington Blvd, Seattle, WA 98122"
170,
171,"1932 2nd Ave, Seattle, WA 98101"
172,"1303 NE 45th St, Seattle, WA 98105"
173,"911 Pine St, Seattle, WA 98101"
174,"4029 Stone Way N, Seattle, WA 98103"
175,"204 N 85th St, Seattle, WA 98103"
176,"222 Mercer St, Seattle, WA 98109"
177,"1428 Post Alley, Seattle, WA 98101"
178,"1500 Summit Ave, Seattle, WA 98122"
179,"409 7th Ave S, Seattle, WA 98104"
180,"609 8th Ave Seattle, WA 98104"
181,"2214 2nd Ave, Seattle, WA 98121"
182,"4401 42nd Ave SW Seattle, WA 98116"
183,"17th Avenue NE and NE 45th St Seattle, WA 98145"
184,"NE Pacific St, Seattle, WA 98195"
185,"4045 University Way NE Seattle, WA 98105"
186,"1000 E. Madison St Seattle, WA 98122"
187,"1621 12th Ave, Seattle, WA 98122"
188,"1247 15th Ave E, Seattle, WA 98112"
189,"608 19th Ave E, Seattle, WA 98112"
190,9123 15th Ave NE Seattle WA 98115
191,"101 Prefontaine Pl S Seattle, WA 98104"
192,"2318 E Cherry St Seattle, WA 98122"
193,"12047 31st Ave NE, Seattle, WA 98125"
194,"2914 SW Avalon Way, Seattle, WA 98126"
195,"815 Seattle Blvd S, Seattle, WA 98134"
196,"5227 Leary Ave NW  Seattle, WA 98107"
197,"110 Cherry St #200, Seattle, WA 98104"
198,"2045 Westlake Ave, Seattle, WA 98121"
199,"55 University Seattle, WA 98101"
200,"512 1st Ave S, Seattle, WA 98104"
201,"7601 Greenwood Ave N #101, Seattle, WA 98103"
202,312 N. 85th St. Suite 101 Seattle WA 98103
203,"855 Hiawatha Pl S, Seattle, WA 98144"
204,"3131 Western Ave #329, Seattle, WA 98121"
205,"5701 6th Ave S #258, Seattle, WA 98108"
206,"928 13th Ave, Seattle, WA 98122"
207,"5619 University Way NE, Seattle, WA 98105"
208,"8537 Greenwood Ave N Seattle, WA 98103"
209,"313 1st Ave S, Seattle, WA 98104"
210,"2407 1st Ave, Seattle, WA 98121"
211,"220 3rd Ave S, Seattle, WA 98104"
212,"625 W McGraw St, Seattle, WA 98119"
213,"901 E Pike St Seattle, WA 98122"
214,"1501 10th Ave East, #101 Seattle, WA 98102"
215,"110 3rd Ave S, Seattle, WA 98104"
216,"5701 Sixth Ave South Seattle, WA 98108"
217,"123 S Jackson St, Seattle, WA 98104"
218,"5805 Airport Way S, Seattle, WA 98108"
219,"504 E Denny Way Seattle, WA 98122"
220,"319 3rd Ave S, Seattle, WA 98104"
221,"5701 6th Ave S, Atrium Suite 221 Seattle, WA 98108"
222,"824 12th Ave Seattle, WA 98122"
223,"5628 Airport Way South, Ste 246 Seattle, WA  98108"
224,"6007 12th Ave S, Seattle, WA 98108"
225,"1922 Pike Pl, Seattle, WA 98101"
226,"1203 2nd Ave, Seattle, WA 98101"
227,"1226 S Bailey St, Seattle, WA 98108"
228,"700 Fifth Ave, 3rd Level Seattle, WA 98104"
229,"312 2nd Ave South Seattle, WA"
230,"2111 1st Ave, Seattle, WA 98121"
231,"900 12th Ave, Seattle, WA 98122"
232,"114 3rd Ave S, Seattle, WA 98104"
233,"1216 10th Ave Seattle, WA 98122"
234,"1902 S Main St Seattle, WA 98144"
235,
236,"3223 15th Ave W, Seattle, WA 98119"
237,"1214 1st Ave, Seattle, WA 98101"
238,"1409 21st Ave, Seattle, WA 98122"
239,
240,"625 1st Ave #200, Seattle, WA 98104"
241,"2030 Western Ave, Seattle, WA 98121"
242,"7513 Greenwood Ave N, Seattle, WA 98103"
243,"1003 1st Ave, Seattle, WA 98104"
244,"110 Union St #200, Seattle, WA 98101"
245,"1525 Summit Ave, Seattle, WA 98122"
246,"306 SW Alaska St, Seattle, WA 98116"
247,"1508 11th Ave, Seattle, WA 98122"
248,"1404 1st Ave, Seattle, WA 98101"
249,"719 S King St, Seattle, WA 98104"
250,"2101 9th Ave, Seattle, WA 98121"
251,"313 Occidental Ave S, Seattle, WA 98104"
252,"212 3rd Ave S, Seattle, WA 98104"
253,"15th Ave NE, Seattle, WA 98105"
254,"3419 E Denny Way, Seattle, WA 98122"
255,"532 1st Ave S., Seattle, WA 98104"
256,"2901 Western Ave, Seattle, WA 98121"
257,"203 Dexter Ave N Seattle, WA 98109"
258,"6716 Rainier Ave S, Seattle, WA 98118"
259,"9404 East Marginal Way S Seattle, WA 98108"
260,"113 Dexter Ave North Seattle, WA 98109"
261,"5031 University Way NE, Seattle, WA 98105"
262,"173 16th Ave Seattle, WA 98122"
263,"4500 9th Ave NE, Seattle, WA 98105"
264,"1333 5th Ave # 2, Seattle, WA 98101"
265,"104 17th Ave S, Seattle, WA 98144"
266,"860 Terry Ave N, Seattle, WA 98109"
267,"11065 5th Ave NE, Suite A, Seattle, WA, 98125"
268,"1515 12th Ave, Seattle, WA 98122"
269,"909 NE 43rd St #206, Seattle, WA 98105"
270,"2343 California Ave SW, Seattle, WA 98116"
271,"2014 9th Ave Seattle, WA 98121"
272,"77 S. Main St. Seattle, WA 98104"
273,"521 S Main St, Seattle, WA 98104"
274,"1000 Lenora St Seattle, WA 98121"
275,"307 Occidental Ave S, Seattle, WA 98104"
276,"710 E Roy St Seattle, WA 98102"
277,"1001 Lenora St Seattle, WA 98121"
278,"2015 Boren Ave Seattle, WA 98121"
279,"6500 Roosevelt Way NE, Seattle, WA 98115"
280,"2212 4th Ave, Seattle, WA 98121"
281,"2600 SW Barton St Suite E-1
Seattle, WA 98126"
282,"1020 Virginia St, Seattle, WA 98101"
283,"513 N 36th St # H, Seattle, WA 98103"
284,"932 12th Ave, Seattle, WA 98122"
285," 530 1st Ave South Seattle, WA 98104 "
286,"712 NE 45th St, Seattle, WA 98105"
287,"2002 9th Ave Seattle, WA 98101"
288,"210 NW Bowdoin Pl Seattle, WA 98107 "
289,"1214 10th Ave, Seattle, WA 98122"
290,"322 1st Ave S, Seattle, WA 98104"
291,"1207 Pine St Seattle, WA 98101"
292,"55 South Atlantic St Seattle, WA 98134"
293,"1718 E Olive Way, Seattle, WA 98102"
294,"4415 Densmore Ave N, Seattle, WA 98103"
295,"9250 14th Ave NW, Seattle, WA 98117"
296,"2212 NE 125th St Seattle, WA 98125 "
297,"600 Pine St Suite 107 Seattle, WA 98101"
298,"217 W. Galer St, Seattle, WA 98119
"
299,"1000 Virginia St Seattle, WA 98101"
300,"1707 NW Market St, Seattle, WA 98107"
301,"6701 Greenwood Ave N, Seattle, WA 98103"
302,"401 NE Northgate Way #1100 Seattle, WA 98125"
303,"305 Harrison St, Seattle, WA 98109"
304,"2629 NW Market St Seattle, WA 98107

"
305,"1412 18th Ave, Seattle, WA 98122"
306,"1404 E Yesler Way #202, Seattle, WA 98122"
307,
308,"4559 California Ave SW, Seattle, WA 98116"
309,"155 N 35th St, Seattle, WA 98103"
310,"121 Prefontaine Pl S, Seattle, WA 98104"
311,"513 N 36th St, Seattle, WA 98103"
312,"807 E Roy St, Seattle, WA 98102"
313,"234 Dexter Ave N, Seattle, WA 98109"
314,"1919 Post Alley, Seattle, WA 98101"
315,"1114 Howell St, Seattle, WA 98101"
316,"1201 E Union St, Seattle, WA 98122"
317,"1701 Broadway Seattle, WA 98122

"
318,"1050 W Nickerson St, Seattle, WA 98119"
319,"803 South King St, Seattle, WA, 98104"
320,"570 1st Ave S Seattle, WA 98104"
321,
322,"6716 Rainier Ave S Seattle, WA 98118"
323,"604 2nd Ave Seattle, WA 98104"
324,"519 6th Ave S #200, Seattle, WA 98104"
325,"2013 4th Ave, Third Floor Seattle, WA, 98121"
326,"300 19th Ave Seattle, WA 98122"
327,"911 NE 50th St, Seattle, WA 98105"
328,"5241 University Way NE, Seattle, WA 98105"
329,"2264 15th Ave W, Seattle, WA 98119"
330,"3201 E Republican St Seattle, WA 98112"
331,"4000 Wallingford Ave North, Seattle, WA 98103"
332,"5320 Roosevelt Way NE, Seattle, WA 98105"
333,"4329 University Way NE, Seattle, WA 98105"
334,"600 Pine St #400, Seattle, WA 98101"
335,"2105 S Grand St, Seattle, WA 98144"
336,"5606 1st Ave S, Seattle, WA 98108"
337,"1000 Occidental Ave S, Seattle, WA 98134"
338,"2115 N 45th St, Seattle, WA 98103"
339,"429 Eastlake Ave E, Seattle, WA 98109"
340,"122 NW 36th St, Seattle, WA 98107"
341,"1501 7th Ave, Seattle, WA 98101"
342,"2125 Queen Anne Ave N, Seattle, WA 98109"
343,"430 Yale Ave N, Seattle, WA 98109"
344,
345,"205 S. Findlay St, Seattle, WA 98108"
346,"3210 16th Ave W, Seattle, WA 98119"
347,"9600 College Way N, Seattle, WA"
348,"1204 Minor Ave, Seattle, WA 98101"
349,"843 Hiawatha Pl. S, Suite #305 Seattle, WA 98144"
350,
351,"92 Pike St, Seattle, WA 98101"
352,"7025 1st Ave NW, Seattle, WA 98117"
353,"3307 3rd Ave West Seattle, WA 98119"
354,"3126 Elliot Ave, Seattle, WA 98121"
355,"5142 47th Ave NE, Seattle, WA 98105"
356,"10006 Aurora Ave N, Seattle, WA 98133"
357,"7115 Woodlawn Ave NE, Seattle, WA 98115"
358,"1319 Dexter Ave N, Seattle, WA 98109"
359,"1321 E Pine St, Seattle, WA 98122"
360,"1604 NE 50th St, Seattle, WA 98105"
361,"1483 Alaskan Way, Seattle, WA 98101"
362,"2524 16th Ave S, Seattle, WA 98144"
363,"512 NW 65th St, Seattle, WA 98117"
364,"3429 Airport Way S, Seattle, WA 98134"
365,"5900 Lake Washington Blvd S, Seattle, WA 98118"
366,"510 2nd Ave W Seattle, WA 98119"
367,"5306 Roosevelt Way NE Seattle, WA 98105"
368,"114 First Ave S, Seattle, WA 98104"
369,"8732 Rainier Ave S, Seattle, WA 98118"
370,"125 S Jackson St, Seattle, WA 98104"
371,
372,
373,"815 S Weller St, Seattle, WA 98104"
374,"1243 NE 130th St, Seattle, WA 98125"
375,"2856 NW Market St Seattle, WA 98107"
376,"1116 SW Holden St, Seattle, WA 98106"
377,"1706 NW Market St, Seattle, WA 98107"
378,"5828 Roosevelt Way NE, Seattle, WA 98105"
379,"805 East Pine St Seattle, WA 98122"
380,"1115 East Pike St Seattle, WA 98122"
381,"130 Western Ave W Seattle, WA 98119"
382,"2110 E Union St Seattle, WA 98122 "
383,"1415 Summit Ave, Seattle, WA 98122"
384,"Alley of 10525 Ashworth Ave N Seattle, WA 98133"
385,"1414 Alaskan Way, Seattle, WA 98101"
386,"6000 16th Ave. SW, Seattle, WA 98106"
387,"4131 Woodland Park Ave N, Seattle, WA 98103"
388,"632 NW 46th St Seattle, WA 98107"
389,"645 NW 45th St Seattle, WA 98107"
390,"6532 Phinney Ave N, Seattle, WA 98103"
391,"815 Seattle Blvd S, B7, Seattle, WA 98134"
392,"307 E Pike St, Seattle, WA 98122"
393,"1225 2nd Ave, Seattle, WA 98101"
394,"7601 Greenwood Ave N, Suite 103, Seattle, WA 98103"
395,"5809 Airport Way S, Seattle, WA 98108"
396,"600 4th Ave Seattle, WA 98104"
397,"700 5th Ave Seattle, WA 98104 "
398,"414 E Pine St Seattle, WA 98122"
399,"1402 E Pike St Seattle, WA 98122"
400,"306 S. Washington St #104 Seattle, WA 98104"
401,"5201 Ballard Ave NW, Seattle, WA 98107"
402,"1528 Valentine Pl S, Seattle, WA 98144"
403,"4205 Mary Gates Memorial Dr NE Seattle, WA 98105"
404,"5701 6th Ave S, Seattle, WA 98108"
405,"1210 2nd Ave, Seattle, WA 98101"
406,"101 N 85th Street #201, Seattle, WA 98103 "
407,"2811 NW 93rd St, Seattle, WA 98117"
408,"110 Union St, Suite 300, Seattle, WA 98101"
409,"707 S. Snoqualmie St Seattle, WA, 98108 "
410,"1600 Broadway Ct, Seattle, WA 98122"
411,"325 Westlake Ave N, Seattle, WA 98109"
412,"664 S King St, Seattle, WA 98104"
413,"1801 5th Avenue Seattle, WA 98101"
414,"3200 Airport Way S. Seattle, WA 98134"
415,"513 N 36th St Seattle, WA 98103"
416,"97 Pike Pl, Seattle, WA 98101"
417,"1429 34th Ave, Seattle, WA 98122"
418,"2000 NW Market St, Seattle, WA 98107"
419,"35 S Hanford St, Seattle, WA 98134"
420,"2404 NW 80th St Seattle, WA 98117"
421,"2414 N 45th St, Seattle, WA 98103"
422,"2247 15th Ave W Seattle, WA 98119"
423,"University of Washington School of Music Music Building
Box 353450
Seattle, WA 98195"
424,"12729 Lake City Way NE, Seattle, WA 98125"
425,"7526 20th Ave NE Seattle, WA 98115"
426,"311 Occidental Ave S, Seattle, WA 98104"
427,"1426 S Jackson St, Seattle, WA 98144"
428,"1416 S. Jackson St. Seattle, WA 98144 "
429,"922 E Pike St, Seattle, WA 98122"
430,"4326 University Way NE, Seattle, WA 98105"
431,"312 Occidental Ave S, Seattle, WA 98104"
432,"4733 California Ave SW, Seattle, WA 98116"
433,"4630 NE Village Ln, Seattle, WA 98105"
434,"5411 Meridian Ave. N. Seattle, WA 98103"
435,"414 NE 72nd St, Seattle, WA 98115"
436,"849 Hiawatha Pl S, Seattle, WA 98144"
437,"214 1st Ave S Suite B15 Seattle, WA 98104"
438,"619 Western Ave, 3rd Fl Seattle, WA 98104"
439,"2245 1st Ave S, Seattle, WA 98134"
440,"4150 1st Ave S, Seattle, WA 98134"
441,"4350 8th Ave NE Seattle, WA 98105"
442,"5633 California Ave SW, Seattle, WA 98136"
443,"1515 12th Ave Seattle, WA 98102"
444,"4140 George Washington Ln NE, Seattle, WA 98105"
445,"11 Roy St Seattle, WA 98109"
446,"2702 6th Ave South Seattle, WA 98134"
447,"4556 University Way NE, Seattle, WA 98105"
448,"6600 1st Ave NE Seattle, WA 98115"
449,"823 12th Ave Seattle, WA 98122"
450,"4069 Spokane Ln, Seattle, WA 98105"
451,"5609 34th Ave SW, Seattle, Washington 98126"
452,"1205 E Pike St #1C, Seattle, WA 98122"
453,"1520 10th Ave, Seattle, WA 98122"
454,"1911 1st Ave, Seattle, WA 98101"
455,"4208 SW 100th St Seattle, WA 98146"
456,"1122 E Pike St Seattle, WA 98122"
457,"910 E Pike St, Seattle, WA 98122"
458,"5805 14th Ave NW Seattle, WA 98107"
459,"1417 10th Ave. #C Seattle, WA 98122"
460,"5628 Airport way S. #330 Seattle, WA, 98108"
461,"124 N 103rd St Seattle, WA 98133"
462,"5840 Airport Way S. Suite 212, Seattle WA 98108"
463,"8313 Greenwood Ave N Seattle, WA 98103"
464,"8809 Roosevelt Way NE, Seattle, WA 98115"
465,"1201 Alaskan Way #200, Seattle, WA 98101 "
466,"1423 10th Ave Seattle, WA 98122"
467,"600 NW 40th St Seattle, WA 98107"
468,"8310 Greenwood Ave N Seattle, WA 98103"
469,"1630 27th Avenue Seattle, WA 98122"
470,"1617 Yale Ave, Seattle, WA 98122"
471,"3509 Fremont Ave N Seattle, WA 98103"
472,"800 Convention Place, Second Floor Seattle, WA 98101"
473,"2043 Eastlake Ave E Seattle, WA 98102"
474,"927 9th Ave Seattle, WA 98104"
475,"5623 Rainier Ave S Seattle, WA 98118"
476,"5401 California Ave SW, Seattle, WA 98136"
477,"1501 Pike Pl #401, Seattle, WA 98101"
478,"5963 Corson Ave. S. Seattle, WA 98108"
479,"6307 Roosevelt Way NE Seattle, WA 98115"
480,"2206A California Ave SW Seattle, WA 98116"
481,"5226 University Way NE Seattle, WA 98105"
482,"113 Broadway E, Seattle, WA 98102"
483,"319 NE 45th St, Seattle, WA 98105"
484,"5809 15th Ave NW, Seattle, WA 98107"
485,"7220 Woodlawn Ave NE Seattle, WA 98115 "
486,"8926 Roosevelt Way NE Seattle, WA 98115"
487,"1307 NE 45th St, Seattle, WA 98105"
488,"425 15th Ave East Seattle, WA 98112"
489,"2219 2nd Ave, Seattle, WA 98121"
490,"315 2nd Ave S Seattle, WA 98104"
491,"2618 NE 80th St Seattle, WA 98115"
492,"7301 Beacon Ave S Seattle, WA 98108"
493,"900 University St Seattle, WA 98101"
494,"533 Warren Ave N, Seattle, WA 98109"
495,"1908 Queen Anne Ave N Seattle, WA 98109"
496,"4450 Fremont Ave N Seattle, WA 98103"
497,"8323 Rainier Ave South Seattle, WA 98118"
498,"1513 3rd Ave Seattle, WA 98101"
499,"2606 NE 46th St Seattle, WA 98105"
500,"98 Virginia St, Seattle, WA 98101"
501,"4344 Brooklyn Ave NE Seattle, WA 98105"
502,"611 12th Ave S, Suite 300 Seattle, WA 98144"
503,"1025 South King St. Seattle, WA 98104"
504,"433 8th Ave N, Seattle, WA 98109"
505,"9524 Roosevelt Way NE Seattle, WA 98115"
506,"2221 Queen Anne Ave N, Seattle, WA 98109"
507,"233 Broadway E Seattle, WA 98102"
508,"7563 Lake City Way NE, Seattle, WA 98115"
509,"4709 Roosevelt Way N.E. Seattle, WA 98105"
510,"1501 Pike Pl #322, Seattle, WA 98101"
511,"3200 Aurora Ave N Seattle, WA 98133"
512,"2227 5th Ave Seattle, WA 98121"
513,"109 S. Washington St Seattle, WA 98104"
514,"2230 4th Ave S Seattle, WA 98134"
515,"5000 20th Ave NW Seattle, WA 98107"
516,"711 East Pike St Seattle, WA 98122"
517,"1001 4th Ave, Suite 2330 Seattle, WA 98154"
518,"1741 4th Ave S Suite B Seattle, WA 98134"
519,"15236 Aurora Ave N Seattle, WA 98133"
520,"1517 14th Ave, Seattle, WA 98122"
521,"5740 Martin Luther King Jr Way, Seattle, WA 98118"
522,"6514 Roosevelt Way NE Seattle, WA 98115"
523,"4611 Village Court NE Seattle, WA 98105"
524,"2217 NW 57th St Seattle, WA 98107"
525,"1414 S Weller St Seattle, WA 98144"
526,"704 19th Ave E, Seattle, WA 98112"
527,"1300 S Dearborn St Seattle, WA 98144"
528,"301 Occidental Ave S, Seattle 98104"
529,"2627 NE Village Lane Seattle, WA 98105"
530,"401 NE Northgate Way, Seattle, WA 98125"
531,"513 Dexter Ave. N. Seattle, WA 98109"
532,"2621 NE Village Lane Seattle, WA  98105"
533,"3406 East Union St Seattle, WA 98122"
534,"5408 22nd Ave NW Seattle, WA 98107"
535,"4509 Midvale Ave N Seattle, WA 98103"
536,"15 Prefontaine Pl. S, Suite 510 Seattle, WA 98104"
537,"13000 Linden Ave N Seattle, WA 98133"
538,"1998 Western Ave Seattle, WA 98126"
539,"2300 Arboretum Drive E Seattle, WA 98112"
540,"6111 13th Ave S Seattle, WA 98108"
541,"10720 5th Ave. NE Seattle, WA 98125"
542,"83 S Washington St, Seattle, WA 98104"
543,"4501 Interlake Ave N #2 Seattle, WA 98103"
544,"319 2nd Ave S, Seattle, WA 98104"
545,"1620 43rd Ave E #16A, Seattle, WA 98112"
546,"3406 Fremont Ave N Seattle, WA 98103"
547,"1006 NE 50th St, Seattle, WA 98105"
548,"910 E Pike St, Seattle, WA 98122"
549,"8414 5th Ave NE Seattle, WA 98115"
550,"7020 Greenwood Ave N. Seattle, WA 98103"
551,"2220 NW Market St Seattle, WA 98107"
552,"316 Broadway, Suite 316 Seattle, WA 98122"
553,"5908 Roosevelt Way NE Seattle, WA 98105"
554,"958 N 127th St #A Seattle, WA 98133"
555,"2412 Westlake Ave N Suite 2A Seattle, WA 98109"
556,"9131 California Ave. SW Seattle, WA 98136"
557,"1718 12th Ave Seattle, WA 98122"
558,"530 Westlake Ave, Seattle, WA 98109"
559,"2832 E Arthur Pl, Seattle, WA 98112"
560,"500 30th Ave S Seattle, WA 98144"
561,"3631 Interlake Ave N Seattle, WA 98103"
562,"6555 5th Ave S Seattle, WA 98108"
563,"207 1st Ave S, Seattle, WA 98104"
564,"4501 Interlake Ave N Seattle, WA 98103"
565,"3916 California Ave SW Seattle, WA 98116"
566,"3805 Delridge Way SW Seattle, WA 98106"
567,"118 N. 35th St. #105 Seattle, WA 98103"
568,"340 15th E Seattle, WA 98112"
569,"517 East Pike St Seattle, WA 98122"
570,"1117 Minor Ave Seattle, WA 98101"
571,"2245 NW 57th St, Seattle, WA 98107"
572,"2418 NW 80th St Seattle, WA 98117"
573,"4112 Stone Way N, Seattle, WA 98103"
574,"4524 33rd Avenue W, Seattle, WA 98199"
575,"9407 22nd Ave SW Seattle, WA 98106"
576,"110 S Horton St, Seattle, WA 98134"
577,"3116 W Smith St Seattle, WA 98199"
578,"2100 Western Ave Seattle, WA 98121"
579,"1959 NE Pacific St Room T-334 Seattle, WA 98195"
580,"Mary Gates Hall, University of Washington.  Seattle, WA 98195"
581,818 E Pike St Seattle WA 98122
582,"3506 Fremont Ave N, Seattle, WA 98103"
583,"9560 1st Ave NE Seattle, WA 98115"
584,"1100 E Pike St, Seattle, WA 98122"
585,"913 NW 50th St, Seattle, WA 98107"
586,"917 E Yesler Way Seattle, WA 98122"
587,"2930 1st Ave S Seattle, WA 98121"
588,"1501 Pike Pl, Suite 325 Seattle, WA 98121"
589,"321 Broadway Ave East Seattle, WA 98102"
590,"6303 Roosevelt Way NE, Seattle, WA 98115"
591,"2220 NW Market St, Seattle, WA 98107"
592," 201 NE 45th St, Seattle, WA 98105"
593,"2121 1st Ave, Seattle, WA 98121"
594,"5049 Brooklyn Ave Seattle, WA 98105"
595,"219 1st Avenue S #B1 Seattle, WA 98104"
596,"74 S Lucile St Seattle, WA 98134"
597,"855 Hiawatha Place Seattle, WA 98144"
598,"1417 4th Ave., Suite 600 Seattle, WA 98101"
599,"1400 S. Jackson Place, Seattle, WA 98144"
600,"4306 Fremont Ave N Seattle, WA 98103"
601,"Pike Place Market 1530 Post Alley Seattle, WA 98101"
602,"6329 Ravenna Ave NE Seattle, WA 98115"
603,"4733 Brooklyn Ave NE Seattle, WA 98105"
604,"425 N. 85th St Seattle, WA 98103"
605,"6512 23rd Ave NW, Suite 329 Seattle, WA 98117"
606,"168 Western Ave W Seattle, WA 98119"
607,"2703 E Madison Seattle, WA 98112"
608,"3418 Fremont Ave N Seattle, WA 98103"
609,"7150 44th Ave SW Seattle, WA 98136"
610,"2225 Eastlake Ave. E. #103 Seattle, WA 98102"
611,"2601 1st Ave Seattle, WA 98121"
612,"1312 E Union St Seattle, WA 98122"
613,"4001 West Stevens Way NE Seattle, WA 98195
"
614,"212 Alaskan Way S #105A Seattle, WA 98104"
615,"1201 Western Ave, Suite 425 Seattle, WA 98101"
616,"2222 2nd Ave #200 Seattle, WA 98121"
617,"4217 SW Oregon St. Seattle, WA 98116"
618,"1131 34th Ave Seattle, WA 98122"
619,"317 3rd Ave South, Seattle, WA 98104"
620,"6125 Sand Point Way NE Seattle, WA 98115"
621,"3501 Northeast 41st Street, Seattle, WA 98105"
622,"2323 E Cherry St, Seattle, WA 98122"
623,"3307 3rd Ave W Seattle, WA, 98119 "
624,"1535 11th Ave (Third Floor), Seattle, WA 98122"
625,"1000 Denny Way Seattle, WA 98109"
626,"5429 32nd NW Seattle, WA 98107"
627,"307 3rd Ave S, Second Floor, Seattle, WA 98104"
628,"2366 Eastlake Ave E #325, Seattle, WA 98102"
629,"810 18th Ave #100 Seattle, WA 98122"
630,"790 N 34th St, Seattle, WA 98103"
631,"Room 145 Hutchinson Hall Seattle, WA 98195"
632,"3815 4th Ave NE Seattle, WA 98105"
633,"1118 E Pike St Seattle, WA 98122"
634,"1221 E Madison St Seattle, WA 98122"
635,"5031 University Way NE, Seattle, WA, 98105"
636,"3400 East Harrison St Seattle, WA 98112"
637,"1509 Broadway, Seattle, WA 98122"
638,"300 Broadway East, Seattle, WA 98102"
639,"4739 Rainier Ave S, Seattle, WA 98118"
640,"HUB 315, University of Washington, Seattle, WA 98195"
641,"6031 Airport Way S Seattle, WA 98108"
642,"University of Washington Box 353025 Seattle, WA 98195"
643,"1533 13th Avenue, Seattle, WA 98122"
644,
645,"114 LakeSide Ave S Seattle, WA 98122"
646,"109 S. Main St., Seattle, WA 98104"
647,"8408 Greenwood Ave N. Seattle, WA 98103"
648,"2821 Thorndyke Ave W Seattle, WA 98199"
649,"3710 S Ferdinand Seattle, WA 98118"
650,"2916 NE 55th St Seattle, WA 98105"
651,"102 S Jackson St, Seattle, WA 98104"
652,"2550 34th Ave W, Seattle, WA 98199"
653,"10510 5th Ave NE, Seattle, WA 98125"
654,"422 1st Ave W #101 Seattle, WA 98199"
655,"5539 Airport Way S Seattle, WA 98108"
656,"7201 East Green Lake Dr N, Seattle, WA 98115"
657,"10517 35th Ave NE, Seattle, WA 98125"
658,"1901 1st Ave W, Seattle, WA 98119"
659,"8201 10th Ave S, Seattle, WA 98108"
660,"7704 Greenwood Ave. N. Seattle, WA 98103"
661,"2334 Elliott Ave. Seattle, WA 98121"
662,"523 S. Main St Seattle WA 98104
"
663,"1050 W Nickerson St, Seattle, WA 98119"
664,"1914 Occidental Ave S, Seattle, WA 98134"
665,"1107 East Denny Way #A2 Seattle, WA 98122"
666,"603 South Main Street, Seattle, WA 98104"
667,"215 6th Ave N, Seattle, WA 98109"
668,"3131 Western Ave #419, Seattle, WA 98121"
669,"2200 N Pacific St, Seattle, WA 98103"
670,"1216 10th Ave Seattle, WA 98122"
671,"3801 Beacon Ave S, Seattle, WA 98108"
672,"921 Elliott Ave W, Seattle, WA 98119"
673,"5030 Roosevelt Way NE, Seattle WA 98105"
674,"918 S Horton St, Seattle, WA 98134"
675,"604 S Jackson St, Seattle, WA 98104"
676," 6007 12th Ave South Seattle, WA 98108 ﻿"
677,"5628 Airport Way S #110, Seattle, WA 98108"
678,"5817 SW Stevens St, Seattle, WA 98116"
679,"4660 E Marginal Way S #7, Seattle, WA 98134"
680,"325 Westlake Ave N, Seattle, WA 98109"
681,"2601 NW Market St, Seattle, WA 98107"
682,"2915 Rainer Avenue South, Suite 12B Seattle, WA 98144"
683,"13035 Linden Ave N, Seattle, WA 98133"
684,"1618 E Calhoun St, Seattle, WA 98112"
685,"6920 34th Ave SW, Seattle, WA 98126"
686,"625 1st Ave #100, Seattle, WA 98104"
687,"2915 Rainier Avenue S., Seattle, WA, 98144"
688,"5531 Airport Way S, Seattle, WA 98108"
689,"418 N 35th St Seattle, WA 98103"
690,"815 Seattle Blvd S, Seattle, WA 98134"
691,"719 8th Ave S, Seattle, WA 98104"
692,"330 19th Ave E, Seattle, WA 98112"
693,"2820 S Myrtle St, Seattle, WA 98108"
694,"6007 12th Ave South, 3rd Floor Seattle, WA 98108 "
695,"4554 NE 41st St, Seattle, WA 98105"
696,"7110 62nd Ave NE, Seattle, WA 98115"
697,"2700 California Ave SW, Seattle, WA 98116"
698,"308 4th Ave S Seattle, WA 98104
"
699,
700,"747 Broadway Seattle, WA 98122
"
701,"325 9th Ave Seattle, WA 98104"
702,
703,
704,"8825 Rainier Ave S Seattle, WA 98118"
705,114 Alaskan Way South Suite 103 Seattle WA 98104
706,"600 NW 40th Street Seattle, WA 98107"
707,"1522 6th Ave, Seattle, WA 98101"
708,"500 Broadway E, Seattle, WA 98102"
709,"4407 6th Avenue Northwest, Seattle, WA 98107"
710,"1515 12th Ave Seattle, WA 98122"
711,"2214 NW Market St, Seattle, WA 98107"
712,"8319 8th Ave S, Seattle, WA 98108 "
713," 2901 3rd Ave, Ste 120 Seattle, WA 98121"
714,"1122 E. Pike St. #1313 Seattle, WA 98122"
715,
716,
717,"3429 Airport Way South, Seattle, WA 98134"
718,"4701 41st Ave SW Suite 120 Seattle, WA 98116
"
719,"6000 16th Avenue SW Seattle, WA 98106
"
720,"4138 California Ave SW Seattle, WA, 98116"
721,"507 E. Mercer Seattle, WA 98102"
722,"Engineering Building West Stevens Way NE, Seattle WA 98195
"
723,Padelford Hall University of Washington Seattle WA 98195
724,"4000 15th Avenue NE, Seattle WA 98105
"
725,"3910 15th Ave NE, Seattle, WA 98105"
726,"322 Gowen Hall Seattle WA 98195
"
727,"Gould Hall, Seattle WA 98195
"
728,"11716 23rd Ave NE, Seattle, WA 98125"
729,"3549 15th Avenue NE, Seattle WA 98105
"
730,"4249 Whitman Court, (E. Stevens Way and Whitman Court NE)"
731,"Seattle, WA 98195"
732,"4101 15th Avenue NE, Seattle, WA 98105
"
733,"101 Art Building, University of Washington Seattle WA 98195"
734,"Paccar Hall, West Stevens Way NE, Seattle WA 98195"
735,"4060 George Washington Lane NE, Seattle WA 98195"
736,"1426 1st Ave, Seattle, WA 98101"
737,"Art Building, Room 132 West Stevens Way NE, Seattle WA 98105"
738,"5621A University Way Northeast, Seattle, WA 98105
"
739,"Seattle, WA 98105"
740,"348 NW 54th St Seattle, WA 98107

"
741,"5041 9th Ave NE, Seattle, WA 98105"
742,"4805 NE 45th St Seattle, WA 98105"
743,"831 Seattle Blvd S Seattle, WA 98134"
744,"4537 California Ave SW, Seattle, WA 98116
"
745,"5612 California Ave SW, Seattle, WA 98136"
746,"750 North 34th St Seattle WA, 98103"
747,"6020 28th Avenue NW Seattle, WA 98115"
748,"316 1st Ave S, Seattle, WA 98146"
749,"4533 Sunnyside Ave. N., Seattle, WA 98103"
750,"3201 E. Republican St, Seattle, WA 98112"
751,"5214 University Way NE Seattle, WA 98105"
752,"5510 University Way NE Seattle, WA 98105"
753,"1325 E Madison St Seattle, WA 98122"
754,"999 3rd Ave, Suite 700 Seattle, WA 98104"
755,"12531 28th Ave. NE, Seattle, WA 98125"
756,"999 3rd Ave Suite700 Seattle, WA 98104"
757,"100 South King Street, Suite 100 Seattle, WA 98104"
758,"113 Music Building, University of Washington Seattle WA 98195"
759,"7400 Sand Point Way NE #101N Seattle, WA 98103"
760,"701 5th Ave., Suite 4100, Seattle, WA 98104"
761,8810 Renton Ave South Seattle WA 98118
762,"7720 Greenwood Ave N #101 Seattle, WA 98103"
763,"8300 Aurora Ave N.Seattle, WA 98103"
764,"1923 3rd Ave Seattle,WA 98101-1104"
765,"1015 8th Ave. N., Suite B, Seattle, WA 98109"
766,"1507 30th Ave S, Seattle WA 98144"
767,"4336 University Way NE, Seattle, WA 98015"
768,"89 S Washington St, Seattle, WA 98104"
769,"6504 20th Ave. NE Seattle, WA  98115"
770,"Pike Place Market, 94 Pike St., Seattle, WA 98101"
771,"122 S Washington St. Seattle, WA 98104"
772,"240 2nd Ave S. Suite 100 Seattle, WA 98104"
773,"2326 2nd Ave, Seattle, WA 98121"
774,1029 NE 69th St Seattle WA 98115
775,"116 S. Washington St., Seattle, WA 98104"
776,"6451 California Ave. SW Seattle, WA 98136"
777,"2101 NW 77th St. Seattle, WA 98117"
778,"1117 Minor Ave, Seattle, WA 98101"
779,"2929 27th Ave South Seattle, WA 98118"
780,"411 2nd Avenue Ext. S, Seattle, WA 98104"
781,"9250 14th Ave NW Seattle, WA 98117"
782,"12525 28th Ave NE, 2nd Floor Seattle, WA 98125"
783,"9131 California Ave SW, Seattle, WA 98136"
784,"1516 Western Avenue Seattle, WA 98101"
785,1000 Lenora Street Seattle WA 98121
786,"10 Harrison St Suite 200 Seattle, WA 98109"
787,"400 Harvard Ave. E. #202, Seattle, WA 98102"
788,"119 Yesler Way, Seattle, WA 98104"
789,"2306 4th Ave Seattle, WA 98121"
790,"308 1st Ave S, Seattle, WA, 98104"
791,"7800 7th Ave South Seattle, WA 98108"
792,1620 12th Ave Suite 101 Seattle WA 98122
793,500 Aloha St #105 Seattle WA 98109
794,"319 3rd Avenue S Seattle, WA 98104"
795,"700 5th Avenue, Suite 401, Seattle, WA 98104"
796,"4553 California Ave SW Seattle, WA 98116
"
797,"3400 Harbor Ave SW, #106 Seattle, WA 98126
"
798,"302 N 78th St, Seattle, WA 98103"
799,
800,
801,
802,"2230 1st Ave South Seattle, WA  98134"
803,"1245 10th Ave East Seattle, WA 98102
"
804,"3200 3rd Ave West, Seattle, WA 98119"
805,"3515 S Alaska St, Seattle, WA 98118"
806,"4742 42nd Ave SW #617 Seattle, WA 98116"
807,"12579 Densmore Ave N Seattle, WA 98133"
808,"3801 Bernie Whitebear Way, Seattle, WA 98199"
809,"2220 NW Market St, Seattle, WA 98107"
810,"3510 Stone Way N, Seattle, WA 98103"
811,"325 2nd Ave West Seattle, WA 98119"
812,"5800 Rainier Ave S Seattle, WA 98118"
813,"2718 S Jackson St Seattle, WA 98144"
814,"4714 Rainier Avenue South Suite 105                                     Seattle, WA 98118"
815,"611 S Lane St Seattle, WA 98104
"
816,"1006 NE 65th St, Seattle WA 98105 "
817,"440 5th Ave. N, Seattle 98109"
818,"8005 Greenwood Ave N. Seattle, WA 98103
"
819,"8212 Greenwood Avenue North, Seattle, WA 98103
"
820,804 9th Ave Seattle WA 98104
821,"1809 Minor Ave #10, Seattle, WA 98101"
822,"4518 University Way NE, Suite 310, Seattle WA 98105"
823,"301 Mercer Street Seattle, WA 98109"
824,"401 Mercer St. Seattle WA 98109
"
825,"298 2nd Ave N, Seattle, WA 98109"
826,"511 Queen Anne Ave N Seattle, Wa 98019"
827,"301 Mercer Street, Seattle, WA 98109"
828,"9264 57th Ave S, Seattle, WA 98118"
829,"1111 NW 50th St, Seattle, WA 98107"
830,"7405 Greenwood Ave. N Seattle, WA 98103"
831,"101 N 85th St., Suite 201 Seattle, WA 98103"
832,"7 Mercer St Seattle, WA 98109"
833,"1811 Queen Anne Avenue North Seattle, WA 98109"
834,"8551 Greenwood Avenue North, Suite 4 Seattle, WA 98103
"
835,"4730 32nd Ave S Seattle, WA"
836,"7054 32nd Ave S, Seattle, WA 98118"
837,"1810 E. Yesler Way, Seattle, WA 98122"
838,"901 N 96th St Seattle, WA 98103"
839,"8402 GREENWOOD AVE N SEATTLE, WA 98103"
840,320 N 85th St.  Seattle WA 98103
841,9501 Greenwood Ave N Seattle WA 98103
842,"901 N 96th St Seattle, WA 98103"
843,106 N 85th Seattle WA 98103
844,8537 Greenwood Ave N Seattle WA 98103
845,"10 Harrison Street, Suite 100, Seattle, 98109"
846,"3003 61st Ave SW, Seattle, WA 98116-2810"
847,4542 NE University Way
848,"PO BOX 16035, Seattle, WA 98116"
849,"4316 SW Othello, Seattle. Wa. 98136"
850,"115 N 85th ST suite 102, Seattle, WA 98103"
851,"5710 22nd Ave. NW, Seattle, WA 98107"
852,"4223 S. Kenyon St., Seattle, WA 98118"
853,"5290 Rainier Ave. S, Seattle, WA 98118"
854,"3333 Rainier Ave. S. Suite A  Seattle, WA98144"
855,"4909 Rainier Ave S, Seattle, WA 98118"
856,"5016 Rainier Ave South, Seattle, WA 98118"
857,"3518 S. Edmunds St., Seattle, 98118"
858,"3829B South Edmunds Street, Seattle, WA 98118"
859,"4600 38th Ave. S. Seattle, WA  98118"
860,36th Ave A and S Edmunds St 98118
861,"4816 Rainier Ave South, Seattle, 98118"
862,"5623 Rainier Ave. S. Seattle, WA 98118"
