id,Contractor
1,NORTHWEST MECHANICAL INC
2,
3,GLENDALE HEATING & A/C
4,ACES FOUR CONSTRUCTION COMPANY
5,ECONOMIC HEATING AND A/C LLC
6,MECHANICAL AIR
7,NATIONAL SIGN CORPORATION
8,ABOVE ALL CONSTRUCTION INC
9,GRAFFIX
10,METROPOLITAN SEWER SERVICE LLC
11,NORTHWEST FIRE SYSTEMS LLC
12,INNOVATIVE HOME SOLUTIONS NW
13,PACE MATERIAL HANDLING INC
14,REED WRIGHT HTG & ELEC CO INC
15,O'NEILL PLUMBING CO
16,NW SEWER REPAIR
17,"FISCHER PLUMBING CO INC, THE"
18,MERIT MECHANICAL INC
19,HAWK VALLEY ENTERPRISES LLC
20,ROTO ROOTER SERVICES COMPANY
21,SECREST CONSTRUCTION LLC
22,M M COMFORT SYSTEMS
23,KINGS HEATING INCORPORATED
24,NORTHWEST CONSTRUCTION
25,CARDINAL HEATING & A/C INC
26,DESIGN AIR LTD
27,SCHINDLER ELEVATOR COMPANY
28,MACDONALD-MILLER SERVICE INC
29,EVERGREEN REFRIGERATION LLC
30,ENERGY EFFICIENT SYSTEM
31,G F R HEATING & COOLING LLC
32,GREENWOOD HEATING AND AC
33,SELECT AIR SERVICE
34,BRENNAN HEATING COMPANY INC
35,RYATT CONSTRUCTION LLC
36,ON-GRADE EXCAVATING
37,MR ROOTER PLUMBING (SPOSARI'S)
38,SUNDANCE ENERGY SERVICES INC
39,SOUND CONCRETE SYSTEMS LLC
40,GARY MERLINO CONSTRUCTION CO
41,WASHINGTON ENERGY SVCS CO LLC
42,OLSON ENERGY SERVICE
43,OLYMPIC HEATING INC
44,BERRY SIGN SYSTEMS
45,BLACK LION HEATING & A/C LLC
46,PRICOR TECHNOLOGIES LLC
47,T E C MECHANICAL SERVICE CO
48,ASSOCIATED HTG/SHT METAL INC
49,PLUMB SIGNS INC
50,KLN MEDIA LLC
51,BASSETT HOME HEATING INC
52,EMERALD AIRE INCORPORATED
53,SNOHOMISH FURNACE & AIR LLC
54,SEWER FRIENDLY LLC
55,HERMANSON COMPANY LLP
56,THYSSENKRUPP ELEVATOR CORP
57,FIVE STAR COMFORT LLC
58,KYLE'S HEATING INC
59,WOODLEE MECHANICAL INC
60,ALKI CONSTRUCTION LLC
61,BIGHORN EXCAVATING LLC
62,BALLARD SEWER / CONST SVCS LLC
63,NORTHSHORE HEATING LLC
64,MATRIX ENERGY SERVICES LLC
65,ENVIROMECH
66,JIM DANDY SEWER & PLUMBING
67,SERVCO WATER AND SEWER LLC
68,A+ SEWER TECHNOLOGIES LLC
69,WASHINGTON NATURAL GAS HTG/AIR
70,SEATTLE DRAIN AND PLUMBING
71,POITRAS SIGN & LIGHTING LLC
72,BOB OATES SEWER ROOTER
73,D K SYSTEMS INC
74,KEY MECH CO OF WASHINGTON
75,HEATH NORTHWEST
76,SOUTH WEST PLBG & WTRHTRS INC
77,WESTSIDE SERVICES
78,ALEXANDERS HEATING INC
79,PSF MECHANICAL INC
80,ENERGY WORKS LLC
81,CROWN FIRE PROTECTION INC
82,NUSSBAUM GROUP
83,BOB'S HEATING & AIR CNDTNG LLC
84,BLUE FLAME HTG & AIR CNDTNG
85,MCKINSTRY COMPANY LLC
86,RAYMARK PLUMBING & SEWER
87,STRICTLY SEWERS INC
88,KONE INC
89,VERTICAL DIMENSIONS LLC
90,GREEN CITY HEATING & A/C
91,PPS HEATING & A/C INC
92,AIRCON ELECTRIC LLC
93,PORTERS REFRIGERATION
94,ACCO ES DBA BELLEVUE MECH
95,HUNTS PLUMBING AND MECH LLC
96,SEATTLE UNIVERSITY
97,ELTEC SYSTEMS LLC
98,BEST PLUMBING GROUP LLC
99,US CRYOGENICS INC
100,LOYAL MECHANICAL INC
101,AUBURN MECHANICAL
102,HOMERX
103,WEST COAST ELEVATOR LLC
104,"AMAZON.COM, HERMANSON COMPANY LLP"
105,PRO-STAFF MECHANICAL INC
106,HAYES HEATING
107,AMERICAN CRAFTSMAN P & H LLC
108,ALL TEMP MECHANICAL INC
109,CLIMATE PRO LLC
110,NORTHWEST ELEVATIONS INC
111,MID-MOUNTAIN CONTRACTORS INC
112,"SEATTLE PIPEWORKS, INC"
113,STUDIO 3 SIGNS
114,VERTICAL VISUAL SOLUTIONS
115,"SEWER DOCTOR LLC, THE"
116,GM NAMEPLATE INC
117,"GREENLAKE SEWER AND DRAIN, LLC"
118,WATTERSON EXCAVATION INC
119,MIKE'S NEON SIGNS
120,HIGH PERFORMANCE HEATING LLC
121,C M HEATING INC
122,CRESTLINE BUILDERS LLC
123,TOTAL SIGN SERVICE
124,RESCUE ROOTER LLC
125,GASLINE MECHANICAL INC
126,BURIEN NATURAL GAS SERVICE INC
127,HORECO INCORPORATED
128,BODINE CONSTR CO INC
129,BUDGET SEWER
130,MITSUBISHI ELCT/ELCTRN USA INC
131,JOHN KORSMO CONSTRUCTION INC
132,TRADE MARX SIGN & DISPLAY CORP
133,BEACON PLUMBING & MECHANICAL
134,POLYGON NORTHWEST COMPANY
135,NORTHWEST NEW CONST/EXVTNG INC
136,COMPLETE CMFRT HTNG & A/C LLC
137,AUBURN SIGN CO INC
138,TUBRO CONSTRUCTION
139,UNITED SYSTEMS MECHANICAL LLC
140,AIRPROS ENERGY LLC
141,NEUBAUER CONST & EXC INC
142,DRAIN PRO PLUMBING INC
143,BUILDER'S SUPPLY
144,NEIL KELLY COMPANY INC
145,KLIEMANN BROS HEATING & A/C
146,OTIS ELEVATOR COMPANY
147,COLUMBIA FIRE INC
148,CUMMINGS INC
149,INTEGRITY ENERGY SYSTEMS LLC
150,MOUNTAIN VALLEY HTG & A/C INC
151,PERFORMANCE HEATING & A/C INC
152,R W ANDERSON HOMES
153,NEW CASTLE MECHANICAL LLC
154,PINCHIFF MECHANICAL LLC
155,PORT OF SEATTLE ENGINEERING
156,ACCURATE HEATING & ELECT LLC
157,"ACCURATE HEATING & ELECT LLC, PORTERS REFRIGERATION"
158,ABUNDANT HEATING & A/C INC
159,CORNERSTONE CONST/SEATTLE INC
160,RANGER HEATING & COOLING LLC
161,RJ RICHARDS CE LLC
162,FED EXCAVATION INC
163,PRECISION PLUMBING & HEATING
164,OKOM HOMES LLC
165,"AMBIENT CONTROL COMPANY INC, CITY ENERGY SYSTEMS"
166,CITY ENERGY SYSTEMS
167,SHEPPARD & ASSOCIATES INC
168,RESTAURANT REFRIGERATION
169,ALL POINTS HEATING & FIREPLACE
170,COMPLETE MECHANICAL INC
171,ALEXANDER HEATING
172,PILCHUCK HEATING
173,ONE WAY PLUMBING LLC
174,BRIAN PRITCHARD
175,DAVIDSEN EXCAVATING INC
176,BELLEVUE MECHANICAL
177,UNIVERSAL MECH SVC COMPANY INC
178,QUALITY PLUMBING
179,CR CONSTRUCTION LLC
180,FISCHER HEATING AND AIR
181,PLUM PROJECTS LLC
182,ALLIED WATERPROOFING &DRAINAGE
183,BALLARD NATURAL GAS SVCS INC
184,FORBES MECHANICAL
185,BUILD LOVE GLOBAL LLC
186,PROGRESSIVE COMFORT SOLUTIONS
187,SO SEATTLE COMMUNITY COLLEGE
188,PAUL LOISEAU COMPANY
189,CORVID GENERAL CONTRACTORS LLC
190,RAINCAP CONSTRUCTION INC
191,LAUREL ELEVATOR INTERIORS INC
192,"PIPE GUYS, THE"
193,INNOVATIVE PLUMBING SOLUTIONS
194,GRAVITY FLOW SYSTEMS INC
195,HECKERT CONSTRUCTION INC
196,SJS MECHANICAL SERVICES
197,NORTHWEST HOSPITAL&MEDICAL CTR
198,"ACORN DEVELOPMENT LLC, MCKINSTRY COMPANY LLC"
199,HOLADAY PARKS INC
200,CFM HEATING & COOLING
201,WESTERN NEON INC
202,DREAMLINE CONSTRUCTION LLC
203,CHINOOK ELEVATOR SOLUTIONS LLC
204,SEATEMP LLC
205,VA MECHANICAL INC
206,UNISON HVAC
207,UNIVERSAL REFRIGERATION INC
208,AIR SYSTEMS ENGINEERING INC
209,ALL WAYS AIR CONTROL INC
210,JAMES HEATING AND MORE
211,INTEGRITY BOILER SERVICES LLC
212,GARY'S PIPELINING&DRN CLNG LLC
213,DEENY CONSTRUCTION COMPANY INC
214,UNIVERSITY MECH CONTRACTOR INC
215,EAKMAN CONSTRUCTION
216,CAMERONS ONE LLC
217,FOX PLUMBING & HEATING
218,"GENESEE FUEL & HEATING CO, INC"
219,ENERGY TECHNOLOGIES LLC
220,REFRIGERATION UNLIMITED INC
221,SECURITY SIGNS INC
222,HEATTRANSFER CO.
223,TRUE DESIGN BUILD
224,INDOOR COMFORT SYSTEMS INC
225,TRI MECHANICAL INC
226,NELSON HEATING LLC
227,OMNI CONTRACTING SOLUTIONS
228,RHINE DEMOLITION LLC
229,ALL CLIMATE HEATING & A/C LLC
230,ALL SEWER CONSTRUCTION LLC
231,CHINOOK REFRIGERATION INC
232,EMERALD FIRE LLC
233,NEW ERA HVAC LLC
234,PGH EXCAVATING INC
235,KOHLER HEATING & A/C INC
236,NEW HOME SOLUTIONS LLC
237,LOKEN CONSTRUCTION COMPANY
238,HICKS CONSTRUCTION INC
239,STEND-AIR MECHANICAL SERVICES
240,1LIFE CONSTRUCTION INC
241,PRESTIGE GENERAL CONTRS LLC
242,WASHINGTON HEATING & A/C INC
243,THOMPSON EXCAVATING INC
244,SOUND OIL CO
245,S&L MECHANICAL LLC
246,PREMIER DUCTLESS INC
247,ADAMS RESIDENTIAL CONTRNG INC
248,PACIFIC SIGN ERECTORS INC
249,MOBILITY CONCEPTS INC
250,"HOLADAY PARKS INC, MARTIN SELIG REAL ESTATE"
251,R & R COMPRESSOR SRVC CO INC
252,AMBIENT CONTROL COMPANY INC
253,ADVANCED SIGNS LLC
254,MEYER SIGN ADVERTISING CO INC
255,ACORN STAIRLIFTS INC
256,GREEN FIELD SERVICES INC
257,BALLARD HANDYMAN LLC
258,SANTANA TRKNG & EXCVTNG INC
259,STEVEN TRAN
260,PRIMARIUS LLC
261,HAWK MECHANICAL CONTRS INC
262,RESICON LLC
263,HOBART EXCAVATION SERVICE INC
264,A QUALITY HEATING & A/C SVCS
265,ROSSOE ENERGY SYSTEMS INC
266,BOEHM DESIGN ASSOCIATES INC
267,INNOVATIVE COMFORT SYSTEMS INC
268,STAY COOL AC AND HEATING CO
269,AMPED ELECTRIC & MECH LLC
270,PHOENIX PIPELINING
271,BLAKLEY BROTHERS INCORPORATED
272,GREGCO EXCAVATING LLC
273,T-N-T MECHANICAL LLC
274,METALSMITHS INCORPORATED
275,"JANES COMPANY INC, THE"
276,SMITH FIRE SYSTEMS INC
277,SHANNON HEIGHTS HEATING
278,MORGAN MECHANICAL
279,NORTH CASCADES HTG & A/C INC
280,LYONS HEATING & AIR LLC
281,DIRT WORK RESOURCES LLC
282,BAYSHORE CONCRETE LLC
283,AXIOM CONSTRUCTORS LLC
284,"NORTHSHORE HEATING LLC, RUDD DEVELOPMENT CO. INC"
285,OLYMPIC HEATING & A/C LLC
286,"MOSBRUCKER EXCAVATING, INC"
287,EXXEL PACIFIC INC
288,CASTLE CUSTOM MECHANICAL LLC
289,AIRGAS USA LLC
290,RAINMAKER SIGNS INC
291,OLYMPIC MECHANICAL INC
292,COMFORT SOLUTION INC
293,COMFORT FOR LESS HTG & COOLING
294,PETRA HEATING @ A/C INC
295,"HYBRID ASSEMBLY LLC, PEACEFIELD CONSTRUCTION CORP"
296,LAKERIDGE PLUMBING & MECH INC
297,GB BUILDERS LLC
298,FAHIMI CONSTRUCTION LTD
299,PLUMB PROS LLC
300,INSIGNIA SIGN INC
301,ENERGY SOLTN HTNG/COOLING INC
302,G & R EXCAVATING LLC
303,SQUARE PEG CONSTRUCTION
304,APOLLO SHEET METAL INC
305,U OF W BUILDING PERMIT
306,O'SAGE SIGNS LLC
307,GRAPHIC DISPLAY SIGN & AWNING
308,FIRE SYSTEMS WEST INC
309,HOME CONSTRUCTION SERVICES INC
310,JET INDUSTRIES INC.
311,POLAR BEAR MECHANICAL INC
312,GREAT SUN CORP
313,ADVANCED MECHANICAL HVAC
314,PATRIOT FIRE PROTECTION INC
315,COMPASS GENERAL CONST I LLC
316,EMERALD CITY PLUMBING
317,AFFORDABLE HEATING/COOLING INC
318,TUBE ART DISPLAYS INC
319,PERFECT CLIMATE INC
320,KAMIN BUILT
321,BEL-KIRK HTG & COOLING SERVICE
322,A & D MECHANICAL
323,BARCELO HOMES INC
324,GREEN CANOPY HOMES
325,"CENTENNIAL CONTRACTOR ENT INC, U OF W BUILDING PERMIT"
326,RAINIER INDUSTRIES LTD
327,CARLSON MECHANCIAL
328,NEW IMAGE CREATIVE SIGN INC
329,SOUND HEATING & A/C INC
330,MOORE ELEVATOR COMPANY LLC
331,SANTA INCORPORATED
332,U OF W:FACILITIES SVCS-CAMPUS
333,C K EXCAVATING INC
334,AMERICAN REFRIGERATION
335,HIGHLAND REFRIGERATION
336,ALPINE DEVELOPMENT INC
337,AIRTIGHT HTG & A/C LLC
338,"HEATH NORTHWEST, RAMSAY SIGNS INC"
339,MM COMFORT SYSTEMS
340,SOCKEYE HOMES
341,"INSTA-PIPE ,INC"
342,TOEPFER CONSTRUCTION CO LLC
343,NUCO2 SUPPLY LLC
344,OLYMPIC GENERAL CONTRACTORS
345,WARDEN CONSTRUCTION LLC
346,TCP HOMES LLC
347,FIVE STAR GLOBAL
348,TRUEBUILDERS INC
349,HAAS HEATING LLC
350,PORCUPINE BUILDERS
351,RO-CON EQUIPMENT SPECIALISTS
352,FED'S HEATING AND A/C
353,MCKINSTRY ESSENTION LLC
354,OLYMPIC ELEVATOR COMPANY
355,PLE LLC
356,CAPSTONE MECHANICAL LLC
357,ELECTROMATIC REFRIGERATION LLC
358,"ADVANCED SEWER SOLUTIONS, INC"
359,"CITY INVESTORS, EXXEL PACIFIC"
360,JD EQUIPMENT
361,FIRE SPRINKLERS INC
362,BROTHERS HEATING LLC
363,ELEVATIONS LTD
364,I-5 DESIGN & MANUFACTURE INC
365,THE DRAIN DOCTORS
366,FRANK COLUCCIO CONSTRUCTION CO
367,GLACIER PEAK CONSTRUCTION LLC
368,G B SYSTEMS INC
369,MICHAEL T SHINN CONST LLC
370,AAA HEATING & AIR CONDITIONING
371,EARTH TECH DEVELOPMENT INC
372,"CITY OF SEA SPU SOLID WASTE, LYDIG CONSTRUCTION"
373,NEIGHBORLY HANDYMAN SRVCS LLC
374,VENTANA CONSTRUCTION
375,CONSTRUCTION CONTRACTORS INC
376,SOULE MECHANICAL
377,PRIMECORE CONTRACTING LLC
378,UNIVERSAL APPLIANCE/CMRCL RFR
379,GOOD GUYS HEATING & COOLING
380,CAPITOL SIGN & AWNING
381,PACIFIC CONSTRUCTION MLTN INC
382,ALL STAR HEATING & A/C INC
383,TRU MECHANICAL LLC
384,SAGE HOMES NORTHWEST LLC
385,"UNICO PROPERTIES INCORPORATED, UNIVERSITY MECH CONTRACTOR INC"
386,GREENBUILD DEVELOPMENT LLC
387,COMFORT MECHANICAL INC
388,ID CONSTRUCTION GROUP INC
389,HIGHMARK ENTERPRISES LLC
390,NORTHWEST AWNING & FABRIC INC
391,DAVIS SIGN COMPANY INC
392,DYNAMIC UTILITY SERVICES INC
393,EXXEL PACIFIC
394,TERRA'S CONSTRUCTION LLC
395,CALLAWAY & SONS EXCAVATING INC
396,PROTEMP
397,SIGNS OF SEATTLE INC
398,NELSON & SONS CONST CO INC
399,CHUCK GORDON
400,D M E CONSTRUCTION INC
401,BELLEVUE FIREPLACE SHOP INC
402,SHORELINE SIGN & AWNING
403,POUL CONSTRUCTION
404,PESTELL CONSTRUCTION LLC
405,MODERN HOMES LLC
406,M A MORTENSON COMPANY
407,SUNRISE ENERGY SYSTEMS
408,OCEAN PARK MECHANICAL INC
409,VIRSAVIA ENTERPRISES LLC
410,VENTRON LLC
411,GOPHER CONSTRUCTION CO INC
412,AMBROSE CONSTRUCTION INC
413,206 PLUMBING LLC
414,"MAGNUM EXCAVATING, INC."
415,"CITY LITES NEON INCORPORATED, STUDIO 3 SIGNS"
416,HOME SEWER CONSTRUCTION INC
417,"EMINENCE, LLC"
418,CITY SIGNS SVC & LIGHTING LLC
419,GEOFFREY BOLINGER GENERAL CONS
420,ACCESS EARTHWORKS INC
421,RELIANCE FIRE PROTECTION INC
422,D/B SOLUTIONS LLC
423,UNITED REPROGRAPHICS LLC
424,C & C OLYMPIC HEATING INC
425,G & S HEATING COMPANY INC
426,MED SURG SYSTEMS INC
427,AUBURN SHEET METAL INC
428,LANGFORD PLUMBING INC
429,MICKELO CONSTRUCTION LLC
430,SYNERGY CONSTRUCTION INC
431,OLYMPIC HOME MODIFICATION LLC
432,QH GROUP LLC
433,EDIFICE CONSTRUCTION CO INC
434,D10 SIGNS & GRAPHICS
435,A & D CUSTOM CONCRETE LLC
436,ANTHONY & SONS CONSTRUCTION
437,MODERN SEWER CORPORATION
438,RODARTE CONSTRUCTION INC
439,ELITE LIFT & ELEVATOR INC
440,"FIVE STAR COMFORT LLC, KYLE'S HEATING"
441,DICK'S HEATING/AIR CNDTNG INC
442,MONROE FIREPLACE INC.
443,CASCADE ENERGY SYSTEMS
444,B N BUILDERS INC
445,PEDERSEN CONSTRUCTION
446,SELLEN CONSTRUCTION CO INC
447,JOHANSEN MECHANICAL INC
448,MEYER SIGN CO OF OREGON INC
449,ADVANCED FILTER & MECH INC
450,FINISH LINE HEATING & COOLING
451,BOILERS NORTHWEST LLC
452,PAC WEST HEATING & COOLING LLC
453,GT RESIDENTIAL CONTRACTING LLC
454,"PARKWORX LLC, W S CONTRACTORS LLC"
455,MECHANICAL & CONTROL SERV INC
456,LEWIS & SMITH LLC
457,REVISION HOMES INC
458,UPTOWN MECHANICAL INC
459,URBAN RESTORATION LLC
460,ERICKSON REFRIGERATION LLC
461,"EASTERN SIGN TECH LLC, UNITED STATES ELECTRIC CORP"
462,UNIPLEX CONSTRUCTION LLC
463,GUDEV CONSTRUCTION INC
464,BEL RED ENERGY SOLUTIONS
465,1ST RESPONSE HTG/AIR SLTNS LLC
466,PRECISE HEATING & COOLING LLC
467,ECOYARDS LLC
468,FOUNDATIONS ETC INC
469,MONARCH TRADING CORP
470,DAY & NITE PLMBG & HTG INC
471,PARTNERS LANDSCAPING INC
472,CUSTOM RADIANT DESIGN INC
473,"ADVANCED SIGNS LLC, MESSENGER SIGN INCORPORATED"
474,AL LIND COMPANY
475,ALL AMERICAN HEATING
476,PREMIER MECH AND ELECTRIC LLC
477,PACIFIC AIR CONTROL INC
478,S & L CONSTRUCTION INC
479,SHELTERCORE INC
480,SEWER DETECTIVES
481,"AMAZON.COM, MCKINSTRY COMPANY LLC"
482,COMBUSTION & CONTROL
483,WASHINGTON ENERGY SERVICES CO
484,RHODES CREATIONS INC
485,GO GREEN HTG AND A/C LLC
486,TAYLOR HEATING & A/C INC
487,RIGHT ON HEATING/SHT METAL INC
488,"ACS LLC, VOLT ELECTRIC LLC"
489,VASILIYS CONSTRUCTION PLUS LLC
490,WEST COAST PLMB PUMPS & FILT
491,"ACORN DEVELOPMENT LLC, ACORN DEVELOPMENT LLC(BLOCK19), UNIVERSITY MECH CONTRACTOR INC"
492,UNIVERSITY VILLAGE PARTNERSHIP
493,BLUE WATER PROJECTS
494,GREEN PLANET PLBG & SWR LLC
495,HILLARD CONSTRUCTION INC
496,CULBERTSON SIGN SERVICE LLC
497,FOUSHEE & ASSOCIATES CO INC
498,GENE JOHNSON PLUMBING & HEATNG
499,REVOLUTION CUSTOM BUILDERS LLC
500,AKERS OUTDOOR PLUMBING INC
501,AERO CONSTRUCTION COMPANY
502,VIKING AUTO SPRINKLER CO
503,GRAHAM CONTRACTING LTD
504,SIGN ASSOCIATES INCORPORATED
505,"ADVANCED SIGNS LLC, AUBURN SIGN CO INC"
506,INNOVATIVE SYSTEMS TECH INC
507,CITY LITES NEON INCORPORATED
508,AMAZON.COM
509,HEATING WORKS
510,PEACEFIELD CONSTRUCTION CORP
511,TEAM MECHANICAL INC
512,TIGER CONST & EXCAVATION INC
513,NORTHEND HOME HEATING
514,SUNRISE BINH MINH CONTRUCTION
515,FRADKIN FINE CONSTRUCTION INC
516,THE CONTROL ZONE HTG & AC INC
517,R&H MECHANICAL INC
518,REDHAWK GROUP LLC
519,NW PERMIT
520,"AIR SYSTEMS ENGINEERING INC   , PUGET SOUND ENERGY INC"
521,SERENE REMODELING LLC
522,ACH HOMES LLC
523,TOP NOTCH MECHANICAL LLC
524,RAINIER BEACH DVLPMNT CO LLC
525,SANDA INC
526,THOMASWERKS INC
527,TIM'S MECHANICAL PLUS
528,C A CAREY CORPORATION
529,NW CONSTRUCTION & RMDLNG LLC
530,PERMA DRY WATERPROOFING SRVS
531,EMSWILER CONSTRUCTION INC
532,AXIOM HVAC
533,PMG MECHANICAL INC
534,PLUMBING TODAY INCORPORATED
535,MCBRIDE CONSTRUCTION
536,SACO CONSTRUCTION CORP
537,ADVANCED INSTALLATION INC
538,OLYMPIC HEATING AND A/C LLC
539,GRIFFIN FOUNDATION REPAIR
540,MODERN HEATING & A/C
541,CRESSY DOOR CO INC
542,HAUPT EXCAVATION
543,HANK CHAU
544,AFFORDABLE PLMBG/WEST SEATTLE
545,"FIVE STAR COMFORT LLC, KYLE'S HEATING INC"
546,"ROAD CONSTRUCTION NW, INC."
547,"ADVANCED SIGNS LLC, SIGNS OF SEATTLE INC"
548,DYNA CONTRACTING INC
549,HOLMBERG COMPANY
550,AKA INVESTORS LLC
551,DOUGLAS JOHNSON CONST CO INC
552,CROWN PLUMBING INC
553,SIGN-TECH ELECTRIC LLC
554,GREEN RIVER CONST COMPANY INC
555,"FORMA CONSTRUCTION COMPANY, PLUMB SIGNS INC"
556,WESTERN STATES FIRE PRTCTN CO
557,WHITE USA INC
558,WASHINGTON MECHANICAL HTG & AC
559,WILCOX CONSTRUCTION INC
560,SITEWORK TECHNOLOGIES INC
561,MOBILE COOLER RENTALS INC
562,"HDC LLC, RYATT CONSTRUCTION LLC"
563,JOHN MACDONALD
564,YOUNG'S NEON SIGN COMPANY
565,DURNIN PLUMBING INC
566,"MCCANN TRUCKING & EXCAVATING, ROAD CONSTRUCTION NW, INC."
567,ALKI CONSTRUCTION & MECH LLC
568,SUPERIOR HVAC & ELECTRICAL
569,GOLD STAR CONSTRUCTION NW LLC
570,SHOWCASE BUILDERS
571,SIGNS PLUS
572,CONNIE HARDIN
573,RADIANT TECH INC
574,DHS HEATING AND AIR
575,"DHS HEATING AND AIR, MOUNTAIN VALLEY HTG & A/C INC"
576,DIAMOND CONSTRUCTION SRVCS LLC
577,"CHRIS BALDWIN, DESIGN AIR LTD"
578,COSCO FIRE PROTECTION INC
579,TAVOR DEVELOPMENT LLC
580,GREEN AIR INC
581,ALPINE DUCTLESS LLC
582,E-Z WAY PLUMBING LLC
583,FURNACE DOCTORS INC
584,OSBORN'S INTERIORS LLC
585,FOLEY SIGN COMPANY
586,SEATTLE CITY LIGHT
587,"DME CONSTRUCTION, TIGER CONST & EXCAVATION INC"
588,MARTIN EXCAVATING LLC
589,WHOLESALE SIGN SOLUTIONS
590,WEIGAND CONST SEATTLE INC
591,EXPRESS CONSTRUCTION
592,K L B CONSTRUCTION INC
593,HOS BROS CONSTRUCTION INC
594,KIMBALL MECHANICAL
595,"TRUE CONTRACTING, LLC"
596,CLEAR CHANNEL OUTDOOR INC
597,NEIL KELLY CO
598,LASTINGNEST INC
599,SEATTLE SELECT LLC
600,PSR-HVAC & MECHANICAL SERVICES
601,TECHSTREAM AIR LLC
602,EM WOLFE CONSTRUCTION
603,"EVERGREEN REFRIGERATION LLC, UNIVERSITY OF WASHINGTON"
604,TEKAS FIRE & HOOD
605,MODERN SHELTER LLC
606,"BLUE WATER PROJECTS, METROPOLITAN ELECTRICAL CO"
607,CARMAC HEATING
608,A QUALITY PLUMBER INC
609,WOODMAN CONSTRUCTION INC
610,GO JO PLUMBING
611,ARTISAN EARTHWORKS INC
612,JOHNSON BACKHOE/DOZING SRV INC
613,TITAN EARTHWORK LLC
614,"INTEGRITY CONSTRUCTION SRV LLC, OCEAN AIR CONTRACTING INC"
615,ALL WEATHER HTNG AIR REF LLC
616,ALTERNATIVE HEATING & COOLING
617,SCHUCHART DOW INC
618,"GOOD GUYS HEATING & COOLING, PORTERS REFRIGERATION"
619,VERTICAL OPTIONS LLC
620,J T M CONSTRUCTION
621,SKN WORKS LLC
622,FIDALGO BAY CONSTRUCTION LLC
623,MERIDIAN BUILDERS INC
624,"ADVANCED SIGNS LLC, AUBURN SIGN CO INC, UNITED REPROGRAPHICS LLC"
625,TRUETEMP NORTHWEST INC
626,HELDRIDGE CONSTRUCTION LLC
627,MEDSKER REFRIGERATION
628,SIGN SERVICES
629,"ACCO ES DBA BELLEVUE MECH, UNION SQUARE TENANT SERV INC"
630,"BEL-KIRK HTG & COOLING SERVICE, PERFECT CLIMATE INC"
631,FUJITEC AMERICA INCORPORATED
632,MECHANICAL CLIMATE CONTROL
633,SEATTLE SCHOOL DISTRICT (A&S)
634,RELL'S RFRG AC & HEATING LLC
635,"CASCADE BUILT, FIRE SPRINKLERS INC"
636,ANDERSON DESIGN INC
637,OMEGA MEDICAL MECHTRONICS
638,CREO INDUSTRIAL ARTS
639,AA PLUMBING LLC
640,NORTHWEST THERMAL HYDRNCS LLC
641,COMMERCIAL CONSTRUCTION CORP
642,"WOLFE HEAT & FIRE, INC"
643,AM-PM PLUMBING & SEWER LLC
644,RAFN COMPANY
645,CRAFTWOOD CONSTRUCTION LLC
646,HARRISBERG CONST LLC
647,BURNS FIRE SYSTEMS LLC
648,D B GENERAL CONTRACTORS
649,ISLAND DOG SIGNS LLC
650,HALVORSON CONST GROUP LLC
651,CALDWELL CONSTRUCTION LLC
652,DIRT DUDE LLC
653,BEST HARBOUR DEVELOPMENT LLC
654,ABSOLUTE CONSTRUCTION LLC
655,BULLDOG PLUMBING & DESIGN LLC
656,FERGUSON CONSTRUCTION INC
657,MACDONALD MILLER RSDNTL INC
658,SUPERIOR ENGINEERING SERVICES
659,ACE CONSTRUCTION & LNDSCPG INC
660,"HOLLAND CONSTRUCTION INC, HOLLAND PARTNERS"
661,YEN DESIGN INC
662,"CROSSROAD SIGN, MIKE'S NEON SIGNS"
663,SIMPLEXGRINNELL LP
664,ARTIFEX CONSTRUCTION
665,"CAMERONS ONE LLC, NW SEWER & DRAIN"
666,FIRESIDE HOME SOLUTIONS
667,NORTH WEST TEAM EXCAVATING LLC
668,DOUBLE BOND HEATING AND AIR
669,KANE REMEDIATION TECH INC
670,MJR MECHANICAL LLC
671,RELIANT HOMES
672,COMPASS CONSTRUCTION MGMT
673,DIVISION 10 SIGNS
674,"DYNAMIC UTILITY SERVICES INC, PRO HEAT"
675,PRO HEAT
676,SIGNATURE CUSTOM HOMES INC
677,CASCADE UTILITIES INC
678,HILLYARD HEATING
679,EQUIPMENT INSTALLERS INC
680,W S CONTRACTORS LLC
681,NORTHWEST AIRE SERVICES INC
682,"GREENBUILD DEVELOPMENT LLC, MODERN HOMES LLC"
683,RD EXCAVATIING INC
684,SHILSHOLE DEVELOPMENT LLC
685,AVATAR ELECTRIC
686,W G CLARK CONSTRUCTION CO
687,PUGET SOUND PLUMBING & HTG INC
688,VITAL MECHANICAL SERVICE
689,PERRY EXCAVATION LLC
690,PENNON CONSTRUCTION COMPANY
691,ALLIANCE PACIFIC NW BLDRS LLC
692,GARUDA CONSTRUCTION LLC
693,R M K CONSTRUCTION
694,SEATTLE'S BEST CBTRY/RMDLG LLC
695,TAN HOMES LLC
696,FIVE STAR MECHANICAL
697,BLUE & YELLOW BUILDERS
698,TURNER CONSTRUCTION COMPANY
699,DARIGOLD INC
700,PRICE BUSTERS PLUMBING
701,"DIRT DUDE LLC, SOUND CONCRETE SYSTEMS LLC"
702,DAVIS BACKHOE SERVICE LLC
703,ALL-WAYS AIR CONTROL
704,NEWWAY ENERGY & HOMETECHNIC
705,"FASTSIGNS 281701, TOTAL SIGN SERVICE"
706,TRENCHLESS PIPE REPAIRS LLC
707,EAGLE PIPE & MECHANICAL LLC
708,TUTMARC ASSOCIATES INC
709,LONG BUILDING TECHNOLOGIES INC
710,INNOVATIVE THERMAL SOLUTNS INC
711,CALLUNA'S GARDENS LLC
712,CONSTRUCTION PRFRMNC GRP INC
713,AIR-TECH LLC
714,SKANSKA USA BUILDING INC
715,"B B & T SIGN SERVICES, STUDIO 3 SIGNS"
716,WINDWARD CONTRACTING INC
717,"ENERGY WORKS LLC, WASHINGTON ENERGY SERVICES CO"
718,AQUA REC INC
719,EVEN FLO HEATING A/C & REFRIGE
720,SVM HEATING
721,HEARTHSIDE & HOME
722,PACIFIC ENGY SYS COOL&HTG INC
723,FREEDOM HEATING & A/C LLC
724,EXPRESS CONST COMPANY INC
725,FREEDOM SERVICES
726,"CITY SIGNS SVC & LIGHTING LLC, MESSENGER SIGN INCORPORATED"
727,"GRANITE MOUNTAIN BUILDERS, LLC"
728,MODERN S CONSTRUCTION LLC
729,BARRON HEAT & AIR COND INC
730,A-ADVANCED SEPTIC SERVICES
731,RINO CONSTRUCTION
732,212 GENERAL CONTRACTING LLC
733,"NORTHWEST NEW CONST/EXVTNG INC, TCP HOMES LLC"
734,MESSENGER SIGN INCORPORATED
735,"SEATTLE PUBLIC SCHOOLS, SEATTLE SCHOOL DISTRICT (A&S)"
736,SEATTLE PARKS DEPT
737,PLUMB DOCTOR LLC
738,DOLAN BUILT LLC
739,EAGLE ROCK LANDSCAPING INC
740,SHAW ELEVATOR COMPANY
741,TRUE GRIT BRANDING COMPANY INC
742,PATHWAY DESIGN & CONSTRUCTION
743,ACTIVE ENVIRONMENTAL INC
744,HEAT FLOW MECHANICAL
745,SEA-AIRE SHEET METAL INC
746,DELTA TECHNOLOGY CORP
747,HERMANSON COMPANY
748,"EVERGREEN REFRIGERATION LLC, UNIVERSITY VILLAGE PARTNERSHIP"
749,L C M BUILDERS LLC
750,"U OF W BUILDING PERMIT, U OF W CAPITOL PROJECTS"
751,EDMONDS PLUMBING LLC
752,AMERICAN SPRINKLER CORPORATION
753,MOORE FIRE PROTECTION
754,EE-NA ENTERPRISES LLC
755,NORTHEND EXCAVATING INC
756,YOU DIG LLC
757,WALSH CONSTRUCTION CO II LLC
758,DOMUS VITAE
759,"GREAT SUN CORP, MOBILE COOLER RENTALS INC"
760,"AFFORDABLE HEATING/COOLING INC, CHUCK GORDON"
761,CITY OF SEA F&FD
762,CASCADE ALARM LLC
763,L HOMES LLC
764,"SQUARE PEG CONSTRUCTION, YOU DIG LLC"
765,ROYAL HEATING LLC
766,ARTCO SIGN CO INC
767,PACIFIC NORTHWEST CONSTRUXION
768,SCHUCHART CORP
769,PHOENIX SIGN CO LLC
770,EVERGREEN SIGN COMPANY
771,"ACTIVE ENGINEERING, RESOLVE-CONSULT DESGN RNDR INC"
772,"SKYCORP, LTD"
773,HAGEE PLUMBING INC
774,PACIFIC ONE CONSTRUCTION INC
775,SUPREME PLUMBING COMPANY
776,PACIFIC NORTHERN ENVIRO CORP
777,CHRIS'S PLUMBING & REMODEL
778,"REDHAWK GROUP LLC, SMOKEY POINT ELECTRIC"
779,IECS INCORPORATED
780,ALPHA HEATING & A/C INC
781,BELLEVUE PLUMBING INC
782,"BLACKROCK INDUSTRIES, SEATAC ELECTRIC INCORPORATED"
783,BLACK LION HEATING & A/C
784,NORTHERN CONST & REMODEL INC
785,"AUBURN SIGN CO INC, C T R ELECTRIC INCORPORATED"
786,"AUBURN SIGN CO INC, OBOT ELECTRIC LLC"
787,THOMAS GROUP LLC
788,FORZA HOMES INC
789,FASTSIGNS OF LYNNWOOD
790,RAVEN DESIGN BUILD
791,PROVIDENCE CONST & DESIGN INC
792,GLACIER ENVIRONMENTAL SVCS INC
793,LAWSON AND SONS
794,ROCKWELL ENERGY SYSTEMS
795,"CARMAC HEATING, ROAD CONSTRUCTION NW, INC."
796,"WASHINGTON NATURAL GAS HTG&A/C, WASHINGTON NATURAL GAS HTG/AIR"
797,BEQUETTE HEATING LLC
798,LAND DIRT PIPE CONST LLC
799,HANSON CONSTRUCTION
800,"CAPITOL SIGN & AWNING, TUBE ART DISPLAYS INC"
801,DOUG WALTER ENTERPRISES
802,GEOTILITY CORP
803,SILVER BUILDING COMPANY
804,AARDEN AIR
805,"KEN BOBKO ELECTRIC CO INC, SKANSKA USA BUILDING INC"
806,ALEGIS CONSTRUCTION
807,CAPITAL HEATING & COOLING
808,ARCHER CONSTRUCTION INC
809,"BELLEVUE MECHANICAL, UNICO PROPERTIES INCORPORATED"
810,R MILLER CONSTRUCTION CO INC
811,SCI LLC
812,ADVANTAGE ELV/ACCSS SYS CORP
813,ECOCON INC
814,DOUBLE K PLUMBING
815,QUALITY LANDSCAPE LIGHTING LLC
816,TIMELESS PLUMBING LLC
817,WESTWARD HOE CONSTRUCTION INC
818,"DAHLSTROM BUILDERS LLC, ROOT EXCAVATION LLC"
819,FULL BORE INC
820,DOULOS SERVICES CORPORATION
821,RED HAWK FIRE PROTECTION LLC
822,ASEO CONSTRUCTION
823,ALUMINUM PRODUCTS INC
824,CASCADE BUILT
825,HENDRIK CONSTRUCTION LLC
826,K & A COMMUNICATIONS LLC
827,SERVICE PLUMBING & ROOTER LLC
828,SYSTEM AIRE INCORPORATED
829,ALFORD HOMES INC
830,HANDY HELPERS LLC
831,TRANSFORMING HOMES LLC
832,NW CUSTOM FABRICATIONS LLC
833,SPEEDY SIGNS
834,WENGER DESIGN AND LANDSCAPE
835,R M CONSTRUCTION NW INC
836,WSB SHEETMETAL CO
837,"HEAT MASTER, INC."
838,WELWEST CONSTRUCTION INC
839,AIR PROS ENERGY LLC
840,FASTSIGNS 281701
841,ATMOSPHERIC HEATING INC
842,CONNELLY CONSTRUCTION LLC
843,WESTERN VENTURES CONST INC
844,BLACKWOOD BUILDERS GROUP LLC
845,"CG ENGINEERING PLLC, DILLON WORKS INC, TRI-M ELECTRIC LLC"
846,ELEMENT BUILDERS LLC
847,ALLIANCE CSTM SHEET MTL & HVAC
848,BRS DESIGN BUILD
849,YESCO LLC
850,CUSTOM DESIGN MECHANICAL INC
851,ANDERSON CONST GRP INC
852,SHAWN TUTHILL
853,SCHENKAR CONST DSGN/BLD LLC
854,ILIAD INC
855,AQUA QUIP
856,WESTERN MECH CONTRACTORS INC
857,"NORTHWEST LAND SERVICE INC, VISTRA INC"
858,FOSMORE CONSTRUCTION INC
859,RICH'S WOODSTOVES & SPAS
860,AIR CARE LLC
861,MODELREMODEL LLC
862,"PARTNERS LANDSCAPING INC, STANBROOKE CUSTOM HOMES, INC"
863,TIMBER WORKS BUILDING LLC.
864,BETTER BUILDERS
865,ROCKY MTN HVAC LLC
866,ECI HVAC LLC
867,CONTINENTAL DIRT CONTRS INC
868,R B W CONSTRUCTION
869,"GREEN CANOPY HOMES, INDOOR COMFORT SYSTEMS INC"
870,PTB CONSTRUCTION LLC
871,BEST CHOICE HEATING LLC
872,"C4DIGS INC, G & R EXCAVATING LLC"
873,"ACCO ES DBA BELLEVUE MECH, ACORN DEVELOPMENT LLC"
874,RISER ENTERPRISES LLC
875,GENESEE FUEL&HTNG CO INC
876,"SIGN POST INC, THE"
877,PRO TECH ELECTRIC INC
878,INTERSTATE INDUSTIRES INC
879,MEND LLC
880,SUTTER HOME & HEARTH INC
881,ACE FIRE SYSTEM LLC
882,WASHINGTON NATURAL GAS HTG&A/C
883,PRIMARIUS
884,PAUL JENSEN EXCAVATING
885,BLACK STAR MECHANICAL LLC
886,CODE MECHANICAL INC
887,ACC CUSTOM HOMES
888,SEATTLE DEV ASSOC LLC
889,EXPRESS REFRIGERATION
890,FOLDED LINE LLC
891,SUNRISE PLUMBING LLC
892,BDZ CONSTRUCTION
893,U OF W CAPITOL PROJECTS
894,RDF EARTHWORK
895,ALL ACCESS HTG & MECH
896,ADVANCED RADIANT TECH LLC
897,"M A MORTENSON COMPANY, U OF W CAPITOL PROJECTS"
898,MARK PATTERSON CONST
899,M & M REPAIR INC
900,TRI-STATE PLUMBING INC
901,OLYMPIC PLUMBING TECHNOLGY LLC
902,CORE HOMES LLC
903,WAECO CONSTRUCTION
904,AWNING SOLUTIONS INC
905,SWOPE EXCAVATION & CNSTRT LLC
906,LASER UNDRGRND & ERTHWRKS INC
907,IO ENVRNMNTL/INFRSTRCTUR INC
908,SAYBR CONTRACTORS INC
909,HP PLUMBING & HEATING INC
910,"AIR 1 HEATING, INC."
911,"RAFN COMPANY, TUBE ART DISPLAYS INC"
912,ABSOLUTELY FINE CONCRETE INC
913,ACS LLC
914,LIBERTY PLACE VENTURER LLC
915,JOHANSEN EXCAVATING INC
916,EUROPA CONSTRUCTION INC
917,"SHINN MECHANICAL, INC."
918,BULLDOG DMLTN & GEN CNTRNG INC
919,"UNICO PROPERTIES INCORPORATED, UNIVERSAL MECH SVC COMPANY INC"
920,WEST SEATTLE HEATING & AIR
921,XL INDUSTRIAL SERVICES INC
922,SIEMENS INDUSTRY INC
923,TC LEGEND HOMES LLC
924,OLYMPIC HEATING & COOLING LLC
925,VENTURE GENERAL CONTRACTING LL
926,ENUMCLAW PLATEAU METAL FAB INC
927,GRILLO CONSTRUCTION SRVCS LLC
928,"ACCO ES DBA BELLEVUE MECH, BELLEVUE MECHANICAL"
929,DAVE'S
930,INTEGRATED SYSTEMS LLC
931,GAGE CONSTRUCTION INC
932,GENERAL MECHANICAL INC
933,PARKWAY SERVICE CO LLC
934,A PLUS REMOVAL AND RECYLNG LLC
935,"ACCO ES DBA BELLEVUE MECH, SCHNITZER WEST, LLC"
936,PANTHER CONSTRUCION LLC
937,"CLASSIC CITY HOMES INC, EARTH TECH DEVELOPMENT INC"
938,AJA MEDIA LLC
939,WILLIAMS MECHANICAL INC
940,RW ANDERSON INC
941,AMERICOOL HEATING AND A/C LLC
942,COLE INDUSTRIAL INC
943,D&D EXCAVATING
944,AMBIENT AIR HEATING & COOLING
945,"WASHINGTON ENERGY SERVICES CO, WESCO CONSTRUCTION DIVISION"
946,TACOMA TENT & AWNING CO INC
947,"BCCI, LTD"
948,EXTERIORSCAPES LLC
949,FOUNDATION SPECIALISTS LLC
950,SPARTAN CONSTRUCTION LLC
951,MASTERS GUILD PLBG/RMDLG
952,RED HAWK FIRE/SECURTY (CA) LLC
953,RESIDENTIAL GROUP LLC
954,"CONSTRUCTIVE ENERGY INC, SEATTLE PIPEWORKS, INC"
955,S2 BUILDERS
956,"OAKES, ROBERT C"
957,RAINIER INDUSTRIES LTD.
958,GARY SHAFNER
959,MCNAMARA INDUSTRIES INC
960,"KEMLY ELECTRIC INCORPORATED, TUBE ART DISPLAYS INC"
961,ABSOLUTE CONSTRUCTION
962,NOBLE RIDGE CONSTRUCTION INC
963,CORNERSTONE GENERAL CONTRS INC
964,PORT OF SEATTLE SEAPORT MAINT
965,SUPERIOR EARTHWORKS LLC
966,SERVICE PLUMBING & HEATING INC
967,PERKINS EXCAVATING INC
968,HDC LLC
969,K & D MECHANICAL INC
970,VICTORY CONSTRUCTION LLC
971,BOILERMASTERS INCORPORATED
972,PIPE CONSTRUCTION INC
973,"NORTHWEST PRECISION CNCRT LLC, VERTICAL VISUAL SOLUTIONS"
974,STARBUCKS COFFEE
975,SEATTLE CENTER
976,ENVIRONMENTAL RESOLUTIONS INC
977,PIONEER CONSTRUCTION SERVICES
978,COMPASS HARBOR CONSTRUCT LLC
979,HACT CONSTRUCTION
980,ENVIRONMENTAL CONSTRUCTION INC
981,ORCAS HOMES LLC
982,BROADMORE BUILDERS LLC
983,BARR HEATING SOLUTIONS LLC
984,"MACDONALD-MILLER SERVICE INC, WESTERN MECH CONTRACTORS INC"
985,HABERZETLE HOMES LLC
986,FABER CONSTRUCTION CORP
987,WILLOW SPRINGS-MARYSVILLE LLC
988,DAMSTROM RENOVATION LLC
989,SATEREN CONSTRUCTION INC
990,RUSH PLUMBING INC
991,TM CONSTRUCTION
992,RAIN CITY PLBG & SWR RPR LLC
993,SULLIVAN HEATING & COOLING INC
994,ALLIED CONSTRUCTION ASSOC INC
995,SCHILPEROORT & BROOKS INC
996,GASLINE MECHANICAL
997,NOR-TECH FIRE PROTECTION INC
998,ROOT EXCAVATION LLC
999,O & R PLUMBING AND MECHANICAL
1000,MOUNTAIN TOP BUILDERS
1001,"HERMANSON COMPANY LLP, UNICO PROPERTIES INCORPORATED"
1002,MOMENTUM INC
1003,KELLY'S EXCAVATING INC
1004,"BOONE ELECTRIC CONSTRUCTION, COMPASS HARBOR CONSTRUCT LLC, TOTAL SIGN SERVICE"
1005,"BERGSAGEL CONSTRUCTION INC, JACOBSON MECHANICAL INC"
1006,ANDGAR CORPORATION
1007,EUGENE SHERMAN & ASSOC LLC
1008,B B & T SIGN SERVICES
1009,K HUDSON CONSTRUCTION INC
1010,THE RUNNERS LLC
1011,WOLFE PLUMBING INC
1012,"MIKE'S NEON SIGNS, SIGN PROS"
1013,"AIRTIGHT HTG & A/C LLC, COLLABORATIVE CONSTRUCTION LLC"
1014,S C I INFRASTRUCTURE LLC
1015,HO'S PLUMBING CO
1016,CHINOOK ELEVATOR SOLUTIONS
1017,PINKY'S PLUMBING LLC
1018,NELSON L LAYMAN JR TRK/EXV INC
1019,"GREENWOOD HEATING AND AC, SELECT AIR SERVICE"
1020,LAKESIDE PLUMBING & HTG INC
1021,"PROFESSIONAL CONSTRUCTION, VLAD HVAC LLC"
1022,SCL ENTERPRISE
1023,STALWART PLUMBING INC
1024,"FOUSHEE & ASSOCIATES CO INC, NATIONAL SIGN CORPORATION"
1025,EXPERT AIR CONTROL LLC
1026,E P MECHANICAL & CONST INC
1027,TERRENE VENTURES
1028,ACORN DEVELOPMENT LLC
1029,TRADECRAFT BUILDERS LLC
1030,CITYWIDE SASKA HOMES LLC
1031,OCEAN AIR CONTRACTING INC
1032,PARADISO MECHANICAL
1033,PELLCO CONSTRUCTION INC
1034,NW DREAM BUILDERS LLC
1035,BUILD URBAN LLC
1036,"G T E TRUCKING & EXCAVATNG INC, POLYGON NORTHWEST COMPANY"
1037,"NARROWS HEATING/AIR CNDTNG, IN"
1038,SPECTRUM SERVICES
1039,JOANIS MECHANICAL LLC
1040,S R CONSTRUCTION
1041,FORMA CONSTRUCTION COMPANY
1042,CASCADE BOILER SERVICES INC
1043,RELIANT CONSTRUCTION LLC
1044,ACS
1045,BODHI BUILDERS
1046,G2B VENTURES LLC
1047,"ARTISTIC ECO DESIGN, INC"
1048,"S C I INFRASTRUCTURE LLC, SEATTLE SCHOOL DISTRICT (A&S)"
1049,"ADVANCED INSTALLATION INC, CORVID GENERAL CONTRACTORS LLC"
1050,"MACDONALD-MILLER SERVICE INC, VENTRON LLC"
1051,HY-TEC CUSTOM HYDRONICS
1052,4N ASSOCIATES LLC
1053,RIVERS EDGE ENVRNMNTL SRVS INC
1054,WYSER CONSTRUCTION CO INC
1055,OHNO CONSTRUCTION COMPANY
1056,"REFINO HOMES OF WASHINGTON LLC, SEATTLE PIPEWORKS, INC"
1057,SOUND EARTH CONSTRUCTION LLC
1058,"CLEARWAY SIGNS, INNOVATIVE SYSTEMS TECH INC"
1059,ALHADEFF GROUP LLC
1060,"GREENLEAF CONSTRUCTION INC, NEUBAUER CONST & EXC INC"
1061,MCFARLAND HEATING & AIR
1062,RHINO EXCAVATING & TRKNG INC
1063,RIDGELINE CONSTRUCTION NW
1064,REFRESH
1065,SIDE-SEWER
1066,"GREENBUILD DEVELOPMENT LLC, VALENTINE HOMES LLC"
1067,VALENTINE HOMES LLC
1068,A-1 LANDSCAPING AND CONSTRUCT
1069,LEASE CRUTCHER LEWIS WA LLC
1070,NORTH COAST PLUMBING INC
1071,"ANDERSEN CONSTRUCTION, SEATTLE HOUSING AUTH GENERAL"
1072,"ACORN DEVELOPMENT LLC(BLOCK19), UNIVERSITY MECH CONTRACTOR INC"
1073,ALLIED DISPLAYS
1074,EVAN CONKLIN PLMBNG & HTNG INC
1075,AVID BUILDERS INC
1076,CAJUN EXCAVATING INC
1077,BERGSAGEL CONSTRUCTION INC
1078,RW SMITH & COMPANY
1079,NORTHWEST HYDRONIC HEATING INC
1080,FASTSIGNS
1081,BETTER IMAGE LLC
1082,SEATTLE SCHOOL DISTRICT
1083,ACORN DEVELOPMENT LLC(BLOCK19)
1084,PIPEWRIGHT INC
1085,LKPRO CONSTRUCTION INC
1086,CLYDE CONSTRUCTION
1087,REMODEL PROS LLC
1088,"JOSEPH MCKINSTRY CONST CO, MAGNUM EXCAVATING, INC."
1089,"ACS SEATTLE LLC, SEWER FRIENDLY LLC"
1090,NW CONST & REMODELING LLC
1091,PROFESSIONAL CONSTRUCTION
1092,"BURGESS DESIGN, INC"
1093,"ALLIED DISPLAYS, GRAFFIX"
1094,REFRIGERATION SERVICES NW LLC
1095,PRO GRADE ENTERPRISES INC
1096,WESTON ELECTRIC LLC
1097,STEVE DAVIS EXCAVATING
1098,LUMIN ART SIGNS INC
1099,"MC NORTHWEST SIGNS, LLC, TOTAL SIGN SERVICE"
1100,"CREO INDUSTRIAL ARTS, PLUMB SIGNS INC"
1101,ELLEDGE LAND DEVELOPMENT
1102,KWS CONSTRUCTION LLC
1103,"CENTRAL PUGET SOUND TRANSIT, NORTHWEST CONSTRUCTION"
1104,PUGET HEATING CO INC
1105,"BETTER ELECTRIC, CLEARWAY SIGNS"
1106,PONDEROSA PACIFIC INC
1107,R J DAY INVESTMENT CO LLC
1108,"AMAZON.COM, PSF MECHANICAL INC"
1109,P C L CONSTRUCTION SRVC INC
1110,GARAGES ETC INC
1111,PHENOMENAL LLC
1112,PRECISION MECHANICAL INC
1113,SYSTEM HEATING & A/C CO INC
1114,DOCHNAHL CONSTRUCTION INC
1115,GEORGE GALLAGHER
1116,CHILDREN'S HOSPITAL
1117,NORTHWEST CONTOUR BLDG CO INC
1118,"ICON INDENTITY SOLUTIONS INC, PLUMB SIGNS INC, SEAHURST ELECTRIC INCORPORATED"
1119,"GREENBANK GARDENS,INC"
1120,"DOTY & ASSOCIATES, WESTERN NEON INC"
1121,AIR FLO HEATING COMPANY INC
1122,BABAROVICH BUILDERS LLC
1123,"C & C OLYMPIC HEATING INC, PAUL LOISEAU COMPANY"
1124,AMPAC ELECTRIC LLC
1125,J P MURPHY CONSTRUCTION
1126,T F SAHLI CONSTRUCTION
1127,ARMSTRONG CONTRACTING INC
1128,RK BUILDERS LLC
1129,"PRECISION PLUMBING & HEATING, UNIVERSITY OF WA"
1130,AIR TECH HEATING & COOLING
1131,AGR CONTRACTING INC
1132,LODESTAR REFRIGERATION CO INC
1133,AGNEW HOMES LLC
1134,G T E TRUCKING & EXCAVATNG INC
1135,HART ENTERPRISES
1136,PQT CONSTRUCTION
1137,ILLUMINATIONS NORTHWEST
1138,EVERGREEN STATE SHEET METAL
1139,WESTERN MECHANICAL HVAC
1140,"ACES FOUR CONSTRUCTION COMPANY, WEST SEATTLE CONSTRUCTION"
1141,"ACH HOMES LLC, PRO GRADE ENTERPRISES INC"
1142,BLUE FLAME LLC
1143,"METRO AIR INC, MOBILE COOLER RENTALS INC"
1144,MARIAN BUILT LLC
1145,"MSRE MANAGEMENT, LLC"
1146,A & J RETAINING WALLS
1147,MIKON CONSTRUCTION INC
1148,VIOX CORPORATION
1149,CUNNINGHAM ENTEPRISES
1150,"CITY INVESTORS, PATRIOT FIRE PROTECTION INC"
1151,"RELIANCE FIRE PROTECTION INC, TERSULI CONST SERVICES LLC"
1152,PAUL BROTHERS INC
1153,"ICON INDENTITY SOLUTIONS INC, SEAHURST ELECTRIC INCORPORATED"
1154,SKILFAB SHEET METAL CO
1155,THE DIRT GUYS/PIPE GUYS
1156,"ALKI CONSTRUCTION & MECH LLC, MOBILE COOLER RENTALS INC"
1157,"AMAZON.COM, PATRIOT FIRE PROTECTION INC"
1158,LYDIG CONSTRUCTION
1159,METIS CONSTRUCTION INC
1160,MMM MECHANICAL SERVICES INC
1161,SPECTRUM MASTER BUILDERS
1162,WEEZEE'S PLUMBING INC
1163,"FOUNDATION SPECIALISTS LLC, REMODEL PROS LLC"
1164,"BETTER ELECTRIC, SIGNS OF SEATTLE INC"
1165,J D PLUMBING/FIRE PROTEC INC
1166,NEPTUNE POOL & SPA INC
1167,WEITZEL CONSTRUCTION INC
1168,PACIFIC MECHANICAL SYSTEMS
1169,NOBLE GAS NEON COMPANY
1170,BALLARD BUILDERS LLC
1171,"COMPLETE CMFRT HTNG & A/C LLC, SEA-AIRE INC"
1172,STORM BENNETT
1173,LANDMARK ENVIROMNTL SOLTNS LLC
1174,AIRE PRO INC
1175,DRAINAGE SYSTEMS CLEANING
1176,"CASTRO BROTHERS, INC"
1177,KEARSLEY HOMES INC
1178,"AIR PROS ENERGY LLC, PTB CONSTRUCTION LLC"
1179,WATERSHED HOLDING LLC
1180,"O'SAGE SIGNS LLC, SUPERGRAPHICS"
1181,"BROTHERS ASSOCIATION LLC, GREENBUILD DEVELOPMENT LLC"
1182,WINSTON ENTERPRISES
1183,EXCELL SERVICES COMPANY LLC
1184,DEP HOMES CORPORATION
1185,TEIPEN HOMES LLC
1186,WALSH CONSTRUCTION CO/WASH
1187,WESCO CONSTRUCTION DIVISION
1188,J PARK INC
1189,FOUR SEASON BUILDS LLC
1190,"D R BRUDVIK COMPANY, RESTAURANT REFRIGERATION"
1191,"HAAS HEATING LLC, MALTOM INC"
1192,"A.S. CONSTRUCTION, THE SALAS COMPANY LLC"
1193,WOMBLE CORPORATION
1194,AFFORDABLE HTG & COOLING INC
1195,"CREO INDUSTRIAL ARTS, HEATH NORTHWEST"
1196,MY PHD SERVICES INC
1197,GOOD SERVICES CORPORATION
1198,FELLER HEATING & A/C INC
1199,AVALON PROJECT INC
1200,TCMS OF SEATTLE LLC
1201,BOSCO CONSTRUCTION LLC
1202,AD ONE CORP
1203,CPM CONSTRUCTION LLC
1204,JK CONSTRUCTION
1205,"DOTY & ASSOCIATES, SIGN-TECH ELECTRIC LLC"
1206,ADVANCED ENERGY SAVERS INC
1207,"CHILDREN'S HOSPITAL, TRI MECHANICAL INC"
1208,"PRIME ELECTRIC INCORPORATED, SIGN PROS"
1209,JACOBSON MECHANICAL INC
1210,"EUGENE SHERMAN & ASSOC LLC, SEATTLE SELECT LLC"
1211,HARTS PLUMBING AND EXCAVATION
1212,DOVETAIL GENERAL CONTRS LLC
1213,KEN SMITH
1214,"DIRT DUDE LLC, SEATTLE CUSTOM CONTRACTORS LLC"
1215,GREGERSON CUSTOM HOMES INC
1216,JOHN JACK CONSTRUCTION INC
1217,URBAN ART WORKS
1218,"THE PLUMBER INC, ZERCO CONSTRUCTION"
1219,WASHINGTON TENT & AWNING
1220,ROBERTS WYGAL LLC
1221,BRICK WALL BUILDING SVCS LLC
1222,STS REMODELING INC
1223,"MATRIX ENERGY SERVICES LLC, MCFARLAND HEATING & AIR"
1224,AXIOM DESIGN BUILD
1225,"STANBROOKE CUSTOM HOMES, INC"
1226,PIVETTA BROTHERS CONST INC
1227,VANCOUVER SIGN COMPANY INC
1228,BURBANK SIGN WORKS
1229,HAJRO DEDIC CONTRACTOR
1230,RW ANDERSON SERVICES INC.
1231,"PARROTT MECHANICAL, PATRIOT FIRE PROTECTION INC"
1232,INFINITY ELECTRIC SERVICES CO
1233,COZY HEATING INC
1234,STIRRETT JOHNSEN INC
1235,SELECT STRUCTURES INC
1236,ALASKA MARINE REFRIGERATION IN
1237,"SKANSKA USA BUILDING INC, U OF W BUILDING PERMIT"
1238,CHAFFEY BUILDING GROUP LLC
1239,ALCHEMY BUILDING COMPANY LLC
1240,FERGUSON DIRT WORKS LLC
1241,VISTRA INC
1242,ABC-HVAC
1243,O'REILLY SIGN
1244,"BESTWORTH-ROMMEL INC, WESTERN NEON INC"
1245,RHOAN HURSH
1246,"KC FACILITIES MGMT CPD, KING COUNTY YOUTH BUILD, SHINN MECHANICAL, INC."
1247,ANDERSON INSTALLATION INC
1248,FLATIRON WEST INC
1249,BENCO PROPERTIES INC
1250,VITAL SIGNS INC
1251,DUET DESIGN AND BUILD LLC
1252,TWINS CONSTRUCTION CO INC
1253,BOHN BUILDING LLC
1254,HEAT FLOW MECHANICAL LLC
1255,"COMFORT FOR LESS HTG & COOLING, PORTERS REFRIGERATION"
1256,ACCLAIM SIGN & DISPLAY LLC
1257,S D DEACON CORP OF WASHINGTON
1258,VIXEN QUEEN SANDY CORP
1259,ABSOLUTE GAS SERVICE
1260,CASE HEATING AND A/C LLC
1261,"SAYERS CONSTRUCTION INC, TUBE ART DISPLAYS INC"
1262,HANS' PLMBG & DRAIN CLNG LLC
1263,SELECT PLUMBING AND RADIANT
1264,"ACE ELECTRIC INC, INSIGNIA SIGN INC"
1265,"CENTRAL PUGET SOUND TRANSIT, GARY MERLINO CONSTRUCTION CO"
1266,BNBUILDERS INC
1267,SHELL EXCAVATING INC
1268,CMA COMMERCIAL REFRIGERATION
1269,CLEARCREEK CONTRACTORS
1270,"DIAMOND B CONSTRUCTORS INC, KING COUNTY, SHIMMICK CONSTRUCTION CO INC"
1271,ENERGY CONSERVATION COMPANY
1272,SPENCER WALDIE INC
1273,WMB CONSTRUCTION
1274,ABODE BUILDERS LLC
1275,JCI CONSTRUCTION
1276,LIBERATO ASSOCIATES LLC
1277,SIERRA CONSTRUCTION CO INC
1278,"U OF W BUILDING PERMIT, UNIVERSITY OF WASHINGTON"
1279,SOUND WATERWORKS LLC
1280,ALTERNATIVE MECHANICAL LLC
1281,"BLACKWOOD BUILDERS GROUP LLC, NORTHWEST NEW CONST/EXVTNG INC"
1282,PACIFIC HEATING OIL CO INC
1283,JOHN RUPPERT
1284,PACIFIC MECHANICAL NW INC
1285,HEARTWOOD BUILDERS
1286,ACQUA PLUMBING LLC
1287,"FIFTH AVENUE PLAZA, PATRIOT FIRE PROTECTION INC"
1288,"KINGS HEATING INCORPORATED, LODESTAR REFRIGERATION CO INC"
1289,HARDER MECHL CONTRS INC
1290,"BUILD LLC, MODERN SHELTER LLC"
1291,"BRACE POINT CARPENTRY LLC, SEATTLE PIPEWORKS, INC"
1292,"BAER CONSTRUCTION INC, EMSWILER CONSTRUCTION INC"
1293,CHINN CONSTRUCTION LLC
1294,UNIVERSITY OF WASHINGTON
1295,THERMAL TECHNOLOGIES
1296,STEVE KUNKEL MASTER BLDRS INC
1297,BRAVO ENVIRONMENTAL
1298,"BIGHORN EXCAVATING LLC, BUILD URBAN LLC"
1299,WU CONSTRUCTION LLC
1300,AMERICAN ELEVATOR CORP
1301,BLINDS & AWNINGS NW CORP
1302,SOUND ENERGY SOLUTIONS INC
1303,ANDERSEN CONSTRUCTION
1304,PERMACOLD ENGINEERING
1305,"MERIT ELECTRIC OF SPOKANE INC, TUBE ART DISPLAYS INC"
1306,INTERWEST CONSTRUCTION INC
1307,"SHOREWOOD HOMES, INC"
1308,HAMMER AND HAND
1309,BALLARD APARTMENTS LLC
1310,CITY SIGN SERVICE LLC
1311,CITY INVESTORS
1312,"NELSON & SONS CONST CO INC, POLYGON NORTHWEST COMPANY"
1313,LORIG MANAGEMENT SERVICES LLC
1314,NORTHWEST THERMAL HYDRONICS
1315,"U OF W:FACILITIES SVCS-CAMPUS, UNIVERSITY OF WA"
1316,ACE CONSTRUCTION SERVICES LLC
1317,"ACE CONSTRUCTION SERVICES LLC, ACS LLC"
1318,AMA CONSTRUCTION
1319,DEDICATED DECONSTRUCTION
1320,METRO KING CTY TRANSPORTATION
1321,"VITAL MECHANICAL SERVICE, INC."
1322,PAC WEST MECHANICAL LLC
1323,DUO TEC
1324,FIRST DEFENSE FIRE PROT LLC
1325,ALL WAYS AIR CONTROL
1326,B & B UTILITIES AND EXVTNG LLC
1327,"GREENLEAF CONSTRUCTION INC, NORTHWEST NEW CONST/EXVTNG INC"
1328,"PLUMBING & DRAIN CO LLC, THE"
1329,MIKE'S MECHANICAL
1330,SIGN PROS
1331,CRS ENTERPRISES
1332,CENTRAL PLUMBING LLC
1333,THE HANDYMEN LLC
1334,"NW WHOLESALE SIGNS, ZORKO ELECTRIC INCORPORATED"
1335,DISCOUNT HEATING & AIR LLC
1336,E S & A SIGN & AWNING CORP
1337,14734 NE 10TH STREET LLC
1338,ENERGY EFFICIENT SYSTEMS LLC
1339,RAWLINGS CONSTRUCTION INC
1340,TATLEY-GRUND INC
1341,BOOM BUILDERS LLC
1342,SALAZAR SPECIALIZED SERVICES
1343,BERG ARCHITECTURAL SIGNAGE
1344,"DOVETAIL GENERAL CONTRS LLC, WESTERN NEON INC"
1345,B-SQUARED CONSTRUCTION INC
1346,"HOMERX, PACIFIC HEATING OIL CO INC"
1347,CONTROL ZONE HTNG & A/C INC TH
1348,"HEATH NORTHWEST, RAINIER INDUSTRIES LTD."
1349,FIRESHIELD INC
1350,BUILT RIGHT HOMES & RMDLNG INC
1351,ANCHOR HOME COMFORT LLC
1352,CLASSIC CITY HOMES INC
1353,HARBORVIEW MEDICAL CENTER
1354,GREATWOOD HOMES INC
1355,TASTAD CONSTRUCTION INC
1356,"DWELL NORTHWEST, LLC"
1357,CLARITY SIGNS INC
1358,PARIS PLUMBING & HEATING INC
1359,BERRY NEON CO INC
1360,METHOD LLC
1361,PARAGON HTG/HM CMFT SLTNS LLC
1362,PUYALLUP HEATING & A/C
1363,"APOLLO SHEET METAL INC, REGENCY NW CONSTRUCTION INC"
1364,PACIFIC NW SIDING/WINDOWS INC
1365,HARDLINE CONSTRUCTION LLC
1366,"EAST HILL HEATING & COOLNG INC, FRANK'S LEVEL BEST"
1367,HOOKED ON HYDRONICS INC
1368,BOGMAN COMPANY LLC
1369,AASIA COOLING HEATING
1370,HAACK BROTHERS INCORPORATED
1371,ORCA ELECTRICAL CONTRACTORS
1372,GALUSTYAN'S CONSTRUCTION
1373,"CRS ENTERPRISES, THOMPSON EXCAVATING INC"
1374,MARKSMAN CONSTRUCTION
1375,DYNAMIC LAUNDRY SYSTEMS INC
1376,C & J HEATING LLC
1377,UNION SQUARE TENANT SERV INC
1378,HYBRID ASSEMBLY LLC
1379,FINE LINE SURFACES LLC
1380,UPRIGHT CONSTRUCTION INC
1381,GENERAL DYNAMICS INFO TECH
1382,TREEBIRD LLC
1383,REED TRUCKING & EXCAVATING
1384,SWENSON CONSTRUCTION LLC
1385,STONEWOOD BUILDERS INC
1386,"SAGE HOMES NORTHWEST LLC, TAVOR DEVELOPMENT LLC"
1387,"MC NORTHWEST SIGNS, LLC"
1388,SUNWORKS
1389,PEARCE HEATING & A/C
1390,DONE-RIGHT PLMBG & SWR RPR LLP
1391,ES & A SIGN AWNING
1392,COMPASS MECHANICAL LLC
1393,PRIMARK SOLUTIONS INC
1394,RAMSETT MECHANICAL CO INC
1395,DAVID KALLANDER
1396,TRINITY DEVELOPMENT CORP
1397,ALL SEASONS INC
1398,"HEAT PUMP STORE, THE"
1399,"RUSSELL SIGN COMPANY, VERTICAL VISUAL SOLUTIONS"
1400,PARKER SERVICES INC
1401,RICHARD C REED ELECTRIC INC
1402,BLACKBIRD CARPENTRY DSGN BUILD
1403,"DAVID KALLANDER, RANGER HEATING & COOLING LLC"
1404,KINETIC CONSTRUCTION INC
1405,SCHEUER BUILDING & DESIGN INC
1406,X-BOLT SIGNS LLC
1407,"OTHELLO PARTNERS, INC"
1408,SUMMIT HEATING SHEET METAL INC
1409,SOURCE REFRIG & HVAC INC
1410,"ACORN DEVELOPMENT LLC(BLOCK19), GARY MERLINO CONSTRUCTION CO, SELLEN CONSTRUCTION CO INC"
1411,E A M SERVICES INCORPORATED
1412,EASTSIDE HEATING & A/C INC
1413,WYNDHAM DESIGN INC
1414,EARTHWISE EXCAVATION
1415,VERTICAL CONCEPTS
1416,"REDO INVESTMENTS INC, WARDEN CONSTRUCTION LLC"
1417,"COMMERCIAL STRUCTURES INC, LAWSON AND SONS"
1418,ROYAL MECHANICAL LLC
1419,URBAN LIGHTS ELECTRIC INC
1420,"ENERGY CONSERVATION COMPANY, RESICON LLC"
1421,"EUROCON, NORTHWEST NEW CONST/EXVTNG INC"
1422,"BARRON HEAT & AIR COND INC, REDO INVESTMENTS INC"
1423,STATE CONSTRUCTION INC
1424,BRATONIA MECHANICAL LLC
1425,CITY BUILDERS INCORPORATED
1426,DMC TENANT IMPRVMT SERVCS LLC
1427,DEAN HOMES INC
1428,D & S PLUMBING LLC
1429,CROCKER CONSTRUCTION COMPANY
1430,CITY OF SEA SPU DRAIN & WASTE
1431,GPROJECTS LLC
1432,FIRESIDE HEARTH & HOME INC
1433,NATURAL BUILDERS INC
1434,GLASTRA HEATING INC
1435,FIRESIDE INCORPORATED
1436,HILL PHOENIX INC
1437,MAK MECHANICAL
1438,FURY SITE WORKS INC
1439,THE REPAIR MEN
1440,EQUITY BUILDERS & RESTRTN LLC
1441,ADVANCED FIRE PROTECTION INC
1442,HAMMER AND HAND INC
1443,RANDALL CONSTRUCTION LLC
1444,ALLSTATE HVAC CO
1445,NINEBARK DESIGN BUILD LLC
1446,SALTAIRE CRAFTSMEN LLC
1447,AFFORDABLE GAS SERVICE LLC
1448,EASTER CONSTRUCTION INC
1449,PACIFIC OVERHEAD DOOR INC
1450,EUROCON
1451,KOHL CONST. & REMODELING INC
1452,"MIKE'S NEON SIGNS, PINNACLE ELECTRIC INC"
1453,"CORSTONE CONTRACTORS LLC, NATIONAL SIGN CORPORATION"
1454,GARY PROKASH PLUMBING INC
1455,ALLON DEVELOPMENT INC
1456,MARINE REFRIGERATION CO INC
1457,COLLABORATIVE CONSTRUCTION LLC
1458,"BERRY NEON CO INC, MESSENGER SIGN INCORPORATED"
1459,A & D QUALITY CONST CO LLC
1460,HOWSON'S CONTRACT SPEC INC
1461,SMITH FIRE SYSTEMS MGMT LLC
1462,"MRJ CONSTRUCTORS, LLC, SEATAC ELECTRIC INCORPORATED"
1463,EXCAVATORS NORTHWEST
1464,ER CONSTRUCTION LLC
1465,PLUMBERS COOPERATIVE
1466,LAW PLUMBING
1467,COLUMBIA WEST PROPERTIES INC
1468,"ISLAND DOG SIGN COMPANY, ISLAND DOG SIGNS LLC"
1469,"FOUNDATIONS ETC INC, NELSON HOME LLC"
1470,AAA EXCAVATING
1471,AVALON NW INC
1472,"AMAZON.COM, UNIVERSITY MECH CONTRACTOR INC"
1473,"RDF EARTHWORK, WALSH CONSTRUCTION CO/WASH"
1474,"GREEN'S LANDSCAPING, LLC"
1475,SIEMENS BLDG TECHNOLOGIES INC
1476,J P FRANCIS & ASSOCIATES INC
1477,"BAYLEY CONST A GEN PARTNRSHP, ILIAD INC"
1478,"BEN HEATING & A/C, LLC"
1479,ERIC KORMONDY CONSTRUCTION INC
1480,"ERIC KORMONDY CONSTRUCTION INC, TAVOR DEVELOPMENT LLC"
1481,DEWITT CONSTRUCTION
1482,SEATTLE HOME BUILDERS LLC
1483,"SCHNITZER WEST, LLC"
1484,J R KEPLER CORPORATION
1485,KEEVER & ASSOCIATES INC
1486,BJ'S CONSTRUCTION/LANDSCAPING
1487,BLACKROCK INDUSTRIES LLC
1488,RAMSAY SIGNS INC
1489,CANVAS SUPPLY CO INC
1490,W. S. FELDT GENERAL CONTRACTOR
1491,SECURE COMFORT
1492,RIGHT WAY PLBG HTG & A/C INC
1493,DESIGN CARPENTRY
1494,ROBERT D TAYLOR HEATING & A/C
1495,DIAMOND B CONSTRUCTORS INC
1496,BIOSCAPE LLC
1497,"BAYSHORE CONCRETE LLC, BOEHM DESIGN ASSOCIATES INC"
1498,"SALTAIRE CRAFTSMEN LLC, SNOHOMISH ELECTRIC INC"
1499,"AAM INC, B B & T SIGN SERVICES"
1500,NORTHSOUND REFRIGERATION
1501,COMMERCIAL STRUCTURES INC
1502,BUILDING MOMENTUM LLC
1503,WM DICKSON CO.
1504,BDC COMPANY
1505,"COSCO FIRE PROTECTION INC, PATRIOT FIRE PROTECTION INC"
1506,GROUSE MTN IMPROVEMNTS
1507,HELLO REFER INC
1508,SACKETT CONSTRUCTION
1509,"ARCHITECTURAL GRAPHICS INC, SEAHURST ELECTRIC INCORPORATED"
1510,MARTY'S GAS PPNG/HRTH PROD LLC
1511,TIMBERCRAFT CONSTRUCTION LLC
1512,CENTRAL PUGET SOUND TRANSIT
1513,TPJ INC
1514,TIGERCAT CONSTRUCTION SVCS LLC
1515,BOB'S HEATING & A/C INC
1516,RONGVE GROUP INC
1517,ROCK SOLID LANDSCAPES LLC
1518,PORT OF SEATTLE FACILITIES DEV
1519,PARADISE CONSTRUCTION
1520,"INSIGNIA SIGN INC, MESSENGER SIGN INCORPORATED"
1521,PLATINUM CONTRACTING SVCS INC
1522,QUEEN ANNE & CROCKET INVEST
1523,JAKE HOVIK
1524,SEATTLE ENVIRONMNTL CONST INC
1525,CO-OP A/C & HEATING LLC
1526,CORNELL PLUMBING/HTNG INC
1527,SCOTT & FROM CO INC
1528,"HARBORVIEW MEDICAL CENTER, WESTERN STATES FIRE PRTCTN CO"
1529,ROBERTSON HOMES LLC
1530,CHROME GENERAL CONTRACTING INC
1531,UNITD PLBNG & RADNT SYSTMS LLC
1532,"NELSON & SONS CONST CO INC, VENTANA CONSTRUCTION"
1533,CRAFTSMAN PLUMBING LLC
1534,GENERAL/MARINE CONST CO INC
1535,"KOLLMAR SHEET METAL, INC"
1536,"ADVANCED FIRE PROTECTION INC, CHINN CONSTRUCTION LLC"
1537,HORIZON HOUSE
1538,RKC CONSTRUCTION INC
1539,QUERCUS LANDSCAPES INC
1540,"D S ELECTRIC COMPANY, FURNACE DOCTORS INC"
1541,BUTTERFIELD PLUMBING LLC
1542,WAYNE SHARP CONSTRUCTION
1543,DOUBLE DIAMOND CONST SVCS LLC
1544,BAIN PLUMBING & HEATING
1545,"FIRESIDE HOME SOLUTIONS, NW PERMIT"
1546,COLUMBIA CITY CONDOS # 2 LLC
1547,HAMBLEN & SONS HEATING
1548,M C BELLAN CONSTRUCTION INC
1549,"PRIMECORE CONTRACTING LLC, W G CLARK CONSTRUCTION CO"
1550,ZERCO CONSTRUCTION
1551,R W ANDERSON INC
1552,"MARSHBANK CONSTRUCTION,INC"
1553,"AMAZON.COM, MACDONALD-MILLER SERVICE INC"
1554,WEST MECHANICAL
1555,"BODINE CONSTR CO INC, QUALITY BUILDERS LLC"
1556,DEBONAIR INC
1557,NORTHWEST PLUMBING CONNCTN INC
1558,CTA BUILDS INC
1559,"MCKINSTRY COMPANY LLC, MCKINSTRY ESSENTION LLC"
1560,"CASCADE BUILT, CFM HEATING & COOLING"
1561,"BUILD SOUND LLC, ON-GRADE EXCAVATING"
1562,"DC GRANGER INC, ON-GRADE EXCAVATING"
1563,BATT & LEAR INC
1564,DIMENSIONAL SERVICES LLC
1565,"DAVIS SIGN COMPANY INC, PACIFIC SIGN ERECTORS INC"
1566,PACIFIC CUSTOM CONSTRUCTION
1567,EMERGENCY PLMBNG DRAIN PRO INC
1568,"CAMERONS ONE LLC, DOUGLAS JOHNSON & COMPANY INC"
1569,NORTHWESTERN FURNACE CO
1570,"PHOENIX SIGN CO LLC, SECURITY SIGNS INC"
1571,"HOS BROS CONSTRUCTION INC, LEASE CRUTCHER LEWIS WA LLC"
1572,SEATTLE CUSTOM CONTRACTORS LLC
1573,WASHINGTON WATER HEATERS INC
1574,BELOTTI MCHUGH DSN\CNST SR LLC
1575,AVALONBAY COMMUNITIES INC
1576,HARRY'S PLUMBING
1577,BYRNE PLUMBING & HEATING
1578,MCCLOSKY'S REFRIGERATION
1579,ERICKSON COMM REFRIG INC (ECR)
1580,CASCADIA HOMES INC
1581,"FORMA CONSTRUCTION COMPANY, TRADE MARX SIGN & DISPLAY CORP"
1582,N&R CONSTRUCTION LLC
1583,JLS CONSTRUCTION INC
1584,EMERALD BUILDERS INC
1585,SCHMOES CONSTRUCTION
1586,PATRICK ARCHER CONSTRUCT INC
1587,NW WHOLESALE SIGNS
1588,DOTY & ASSOCIATES
1589,CIM GROUP INC
1590,"ALL SEWER CONSTRUCTION LLC, REMODEL PROS LLC"
1591,GRANGER CONSTRUCTION
1592,"ACCURATE HEATING & ELECT LLC, ENUMCLAW PLATEAU METAL FAB INC"
1593,D&E CONSTRUCTION LLC
1594,PHASE 1 DESIGN
1595,CITY OF SEA SPU SOLID WASTE
1596,SULLIVANS RESIDENTAL SERVICES
1597,"GRAFFIX, KEHOE SIGNS"
1598,CONNORTON REFRIGERATION INC
1599,ANDERSON NESLER COMPANY
1600,TINNON DEVELOPMENT IND LLC
1601,EQUIPMENT SALES CO INC
1602,SMITH BUILT INC
1603,"ARCHITECTURAL GRAPHICS INC, HEATH NORTHWEST, PHOENIX SIGN CO LLC"
1604,4 SEASONS HOME HTG & A/C INC
1605,"CREO INDUSTRIAL ARTS, INSIGNIA SIGN INC, PENNON CONSTRUCTION COMPANY"
1606,JOHNSON CONTROLS INC
1607,SUMNER HEATING INC
1608,BEST ELECTRIC CORPORATION
1609,SEA-AIRE INC
1610,LONG EQUIPMENT REPAIR
1611,A & R MECHANICAL INC
1612,"O'NEILL PLUMBING CO, SEWER FRIENDLY LLC"
1613,WASHINGTON PLUMBING & HTG INC
1614,SILVER FREEZE INCORPORATED
1615,AP PACIFIC LLC
1616,KODIAK ISLAND PLUMBING LLC
1617,"BELLEVUE MECHANICAL, U OF W BUILDING PERMIT"
1618,WESTHILL INC
1619,KES INC
1620,CCI AUTOMATED TECHNOLOGIES
1621,J LYNN ENVIRONMENTAL LLC
1622,"PIPELINE INDUSTRIES INC, PRICOR TECHNOLOGIES LLC"
1623,ADVANCED MECHANICAL & PLUMBING
1624,OMEGA GRAPHICS & SIGNS LLC
1625,HUTCHISON CONSTRUCTION INC
1626,PIPELINE INDUSTRIES INC
1627,"BLACKWOOD BUILDERS GROUP LLC, EVEN FLO HEATING A/C & REFRIGE"
1628,FINE STRUCTURES INC
1629,LAWRENCE CONSTRUCTION
1630,REGENCY NW CONSTRUCTION INC
1631,"DUO TEC, EVERGREEN REFRIGERATION LLC"
1632,G L Y CONSTRUCTION INC
1633,MARK RENNIE
1634,SNC DEVELOPMENT LLC
1635,UTOPIAS CO
1636,AIRGAS-NOR PAC INC
1637,"G L Y CONSTRUCTION INC, SCHNEIDER ELECTRIC INC"
1638,LANDCRAFTING INC
1639,DISCOUNT WATER HTRS & PLMB INC
1640,ODI CONSTRUCTION LLC
1641,BROTHERS ASSOCIATION LLC
1642,WALLDOGS LLC
1643,REESE THOMPSON
1644,MARTIN SELIG REAL ESTATE
1645,"BELLEVUE MECHANICAL, HINES-4TH MADISON"
1646,"AA PLUMBING & DRAIN TEAM, INC, QUERCUS LANDSCAPES INC"
1647,ZEN DEVELOPMENT LLC
1648,EDEN CUSTOM BUILDERS
1649,EARTHWORX ASSOCIATES LLC
1650,EAGLE SIGNS LLC
1651,"PROEXC LLC, WESTERN VENTURES CONST INC"
1652,"DAVIDSEN EXCAVATING INC, JACOB ALEXANDER HOMES LLC"
1653,BRYANT NORTHWEST
1654,PACIFIC CUSTOM BLD&RMDLNG INC
1655,MILONA & CO
1656,"ANDERSEN CONSTRUCTION, NATIONAL SIGN CORPORATION"
1657,COMPASS GENERAL CONSTR CO
1658,S R VERSTEEG CONSTRUCTION CO
1659,SOUTH COUNTY PLUMBING INC
1660,NORTHWOOD HEATING & AIR INC
1661,THE PLUMBER INC
1662,NORTH POLE REFRIGERATION INC
1663,RBB CONSTRUCTION LLC
1664,"SITZMAN GROUP INC, THE"
1665,BELLEVUE PLBG/HTG INC
1666,AIR PRO'S HEATING/AIR CNDTNG
1667,DAN HALL - DJ MECHANICAL INC.
1668,HIGH COUNTRY CONTRACTORS INC
1669,MALONE'S LANDSCAPE CONTR INC
1670,GREENBUILD CORPORATION
1671,TVR INC
1672,STATE MECHANICAL COMPANY
1673,SUMMIT DEVELOPMENT LLC
1674,"CONSTANTINE BUILDERS INC, SELLEN CONSTRUCTION CO INC"
1675,1ST FIRE SOLUTIONS LLC
1676,PALMER CONSTRUCTIN AND REMODEL
1677,"AP PACIFIC LLC, SILVER FREEZE INCORPORATED"
1678,"C K EXCAVATING INC, M R CONSTRUCTION"
1679,"DESIGN AIR LTD, U OF W CAPITOL PROJECTS"
1680,"PACIFIC NORTHWEST CONSTRUXION, WICK HOMES LLC"
1681,MEMOS CONST & LANDSCAPE INC
1682,"COMFORT SOLUTION INC, METALSMITHS INCORPORATED"
1683,ROWLEY REFRIGERATION INC
1684,STELLA COLOR
1685,"DAN HALL - DJ MECHANICAL INC., HARBORVIEW MEDICAL CENTER"
1686,MANZCO PLUMBING
1687,NOUVEAU CONSTRUCTION LLC
1688,CHANDLER HOMES LLC
1689,CROSSROAD SIGN
1690,PRECISION CONST/CONCRETE WORK
1691,"DCLU WAIVE LICENSE CHECK, SEATTLE CITY LIGHT"
1692,ALL IN ONE MOBILITY INC
1693,BAKSTAD CONSTRUCTION LLC
1694,DUTTON ELECTRIC COMPANY INC
1695,SKYWAY PLUMBING INC
1696,PRO-MONDO LLC
1697,ROCKWELL ART STUDIOS
1698,GILLESPIE PLUMBING
1699,H ARMOND ENTERPRISES INC
1700,THORESON CONST AND REMODEL
1701,KONKLER CONSTRUCTION
1702,COWLITZ CLEAN SWEEP
1703,"EXTERRA, LLC"
1704,PLUS ONE CONSTRUCTION LLC
1705,A & J HEATING & HANDYMAN SERV
1706,"BIG MOUNTAIN ENTERPRISES, LLC"
1707,REDO INVESTMENTS INC
1708,"AA PLUMBING & DRAIN TEAM, INC, FULL BORE INC"
1709,BRISTOW ENTERPRISES
1710,SCOTT HOMES INC
1711,DAY & NITE PLUMBING & HTG INC
1712,STEPHEN LAY
1713,MIKELLE ENTERPRISES INC
1714,J R T MECHANICAL INCORPORATED
1715,ABOVE THE BEST INC
1716,"DANARD ELECTRIC INC           , HILGER CONSTRUCTION"
1717,CUTTER ELECTRIC LLC
1718,INTEGRATED MGMT SOLUTIONS INC
1719,KEITH B LANKESTER GEN CONST
1720,"NW PERMIT, WATTERSON EXCAVATION INC"
1721,J D R DEVELOPMENT INC
1722,JORDAN VALENTE CONSTRUCTION
1723,SOUND MECHANICAL SOLUTIONS
1724,COOK WELDING SERVICES INC
1725,HYDRO PLUMBING LLC
1726,PORT ORCHARD HEATING & AIR CON
1727,"FOX FIRE PREVENTION, INC"
1728,SKYLINE CARPENTRY
1729,MIKE TIMMONS
1730,MITCHELL CONTRACTORS
1731,"D F CONST & REMODELING INC, ORCAS HOMES LLC"
1732,"FOLEY SIGN COMPANY, ROCKWELL ART STUDIOS"
1733,NICHOLLS CONSTRUCTION
1734,GSC MECHANICAL
1735,NATHAN CONSTRUCTION INC
1736,"ALL SEASONS HEAT & COOL, CHIEFTAIN CONSTRUCTION LLC"
1737,"BUDGET SEWER, MODERN HOMES LLC"
1738,"FAHIMI CONSTRUCTION LTD, ROBERTSON HOMES LLC"
1739,"JACOB ALEXANDER HOMES LLC, KENDALL HOMES LLC"
1740,RICKABAUGH PENTECOST DEV LLC
1741,"BAYLEY CONST A GEN PARTNRSHP, CREO INDUSTRIAL ARTS, PLUMB SIGNS INC"
1742,ROTO ROOTER SERVICES CO
1743,SEATTLE HOUSING AUTH GENERAL
1744,HARRISON MECHANICAL INC
1745,KODIAK DEVELOPMENT LLC
1746,SUSTAINABLE CONSTRUCTION AND C
1747,PRECISION AIR SERVICES INC
1748,CADENCE BUILDS LLC
1749,"GALL CONSTRUCTION CO INC, HOMESTEAD REBLDNG COMM. LLC"
1750,TOTAL HOME IMPROVEMENT INC
1751,METROPOLITAN CONSTRUCTION LLC
1752,FENIX RESTORATION INC
1753,LATS CONSTRUCTION
1754,R L ALIA COMPANY
1755,HOWARD S WRIGHT CONSTRUCTN LP
1756,BLOX CONSTRUCTION INC
1757,"RAYMARK PLUMBING & SEWER, SEATTLE TRANSPORTATION"
1758,SEATTLE TRANSPORTATION
1759,"INNOVATIVE MECH SERV INC, PACIFIC MECHANICAL NW INC"
1760,"CENTRAL PUGET SOUND TRANSIT, FORMA CONSTRUCTION COMPANY"
1761,"FORMA CONSTRUCTION COMPANY, SOUND TRANSIT"
1762,"GM NAMEPLATE INC, SUPERGRAPHICS"
1763,LABIB CONSTRUCTION INC
1764,"ARROWS SIGN SERVICING LLC, BELLANDI SIGNS INC"
1765,GREEN LAKE BLOCK LLC
1766,TKO CONTRACTING LLC
1767,PERFECT CLIMATE OF OREGON INC
1768,SOREANO'S PLUMBING
1769,C&C MOBILE WELDING LLC
1770,ALOISIO PLUMBING INC
1771,"MATIA CONTRACTORS INC, MCFALL, INC"
1772,"NELSON HEATING LLC, NORTHSHORE HEATING LLC"
1773,AAA HEATING SERVICE LLC
1774,ARCHITECTURAL ELEMENTS
1775,ECO-TECH MECHANICAL LLC
1776,VAN WELL MANSONRY INC
1777,PACIFIC GARAGES INC
1778,"BERRY NEON CO INC, THURMAN GENERAL CONTRACTING"
1779,MARTIN SIGNS & FABRICATING
1780,"BAER CONSTRUCTION INC, THE CONTROL ZONE HTG & AC INC"
1781,NORDSTROM HEATING AND AIR INC
1782,ALLRED HTG COOLING ELEC LLC
1783,FREEMAN BELL CONST & DEV LLC
1784,INTER-CITY CONTRACTORS INC
1785,"E M PRECISION LLC, SOUTHGATE ELECTRIC INC"
1786,T I NORTHWEST CORP
1787,"EVERGREEN REFRIGERATION LLC, LORIG MANAGEMENT SERVICES LLC"
1788,POLYMATH MECHANICAL LLC
1789,"CITY INVESTORS, TURNER CONSTRUCTION COMPANY"
1790,PRECISION BUILDERS INC
1791,VIRGINIA MASON MEDICAL CENTER
1792,"SEATTLE CENTER, VERTIGO HIGH ACCESS SRVS, LLC"
1793,"SHINN MECHANICAL, INC., U OF W:FACILITIES SVCS-CAMPUS"
1794,"CITY LITES NEON INCORPORATED, HI TEK ELECTRIC INC, R G N CONSTRUCTION LLC"
1795,AMERICAN ENERGY SYSTEMS
1796,FIRESIDE OF WASHINGTON INC
1797,"FIRESIDE OF WASHINGTON INC, NW PERMIT"
1798,NORTHWEST PUMP/EQUIP CO
1799,SWICK & SON ENTERPRISES INC
1800,TACOMA PLBG/HTG INC
1801,JRP DEVELOPMENT LLC
1802,MASTON PROPERTIES & CONST LLC
1803,SIMPLE PLUMBER LLC
1804,"CENTRAL PUGET SOUND TRANSIT, JCM NORTHLINK LLC"
1805,"ACORN DEVELOPMENT LLC(BLOCK19), SELLEN CONSTRUCTION CO INC"
1806,"LAKE CITY PLUMBING, WOODCRAFTERS CONSTRUCTION LLC"
1807,"C K EXCAVATING INC, NATURAL BUILDERS INC"
1808,AQUA TECH SERVICES
1809,UNITY ELECTRIC LP
1810,NEW X INC
1811,B D Z DEVELOPERS INC
1812,BOYLE CONSTRUCTION
1813,THE RESIDENTIAL GROUP LLC
1814,REABILITY ENTERPRISES LLC
1815,"TOTAL SIGN SERVICE, WHOLESALE SIGN SOLUTIONS"
1816,WATERS & WOOD INCORPORATED
1817,CARLISLE CLASSIC HOMES LLC
1818,"ABC CONSTRUCTN & ELECTRIC, LLC"
1819,NORTHWEST IMPROVEMENTS
1820,"ALLON DEVELOPMENT, INC"
1821,NORTH SOUND RESTORATION LLC
1822,EVERGREEN RESTORATION LLC
1823,NORTHWEST CASCADE
1824,MATRIX ENTERPRISES
1825,BDR RENEWAL LLC
1826,J A S DESIGN BUILD INC
1827,SEATTLE STEAM COMPANY
1828,JACOB ALEXANDER HOMES LLC
1829,SOUND BUILT SOLUTIONS LLC
1830,RAGING RIVER CUSTOM BUILDERS
1831,WASHINGTON SEWER & DRAIN LLC
1832,GREEN LANTERN CONSTRUCTION LLC
1833,ALPINE FIRE & SAFETY SYS INC
1834,DISCOUNT ROOTER PLUMBING INC
1835,"MCFALL, INC"
1836,"WEATHERTECH, LLC"
1837,"G & R EXCAVATING LLC, KAPSNER HOMES LLC"
1838,"GRAPHIC SYSTEMS, INC, SIGN-TECH ELECTRIC LLC"
1839,BREEZEE CONST & EXCAVATING
1840,KING COUNTY FACILITIES MGMT
1841,IAGL INC
1842,SCHARBACH CUSTOM CONST LLC
1843,VAN OVERBEKE CONSTRUCTION INC
1844,PUGET SOUND PLUMBING & SERVICE
1845,HEAT N AIR LLC
1846,"BENJAMIN CUSTOM HOMES LLC, CORNERSTONE CONST/SEATTLE INC"
1847,SWEDISH CONTRACTORS INC
1848,RAYMOND M HUDSON ELEC CONT INC
1849,"CITY INVESTORS, G L Y CONSTRUCTION INC"
1850,ARMSTRONG HMS REDMOND INC
1851,KING CO WASTEWATER TRTMNT DIV
1852,CLEMENT & COMPANY EXCAVATION
1853,"BELLEVUE MECHANICAL, SOUND TRANSIT"
1854,"GREEN PLANET PLBG & SWR LLC, SEWER FRIENDLY LLC"
1855,HELGET GAS PRODUCTS INC
1856,MCKINSTRY ELECTRIC
1857,WESTSIDE WIRE
1858,SOLTERRA SYSTEMS
1859,MILLER & TRUJILLO HTG & AC LLC
1860,FLOYDS HVAC
1861,HAIDER CONSTRUCTION INC
1862,REVOLUTION GREEN POWER
1863,PACIFIC HOMES CONST INC
1864,"FED EXCAVATION INC, TOMBO CONSTRUCTION"
1865,POPICH SIGN COMPANY INC
1866,ALL TRADES MECHANICAL INC
1867,BAKKEN CONSTRUCTION
1868,OBIE CONSTRUCTION INC
1869,"NCM CONTRACTING GROUP LP, SEATTLE CITY LIGHT"
1870,DAVIS DOOR SERVICE INC
1871,ILLUME INC
1872,"SEATTLE COMMERCIAL SIGN, UNIVERSITY VILLAGE PARTNERSHIP"
1873,"G2B VENTURES LLC, GREEN CANOPY HOMES"
1874,BLINDHEIM COMPANY
1875,NW RESTAURANT SERVICE LLC
1876,MINH TRI'S CONSTRUCTION
1877,GRANT FRANKLIN HOMES LLC
1878,"CALLAWAY & SONS EXCAVATING INC, DWELL NORTHWEST, LLC"
1879,"BERSCHAUER PHILLIPS CONST CO, CENTRAL PUGET SOUND TRANSIT"
1880,STELLAR J CORPORATION
1881,BARTON STREET LLC
1882,SKYE INDUSTRIAL INC
1883,"C & S CONSTRUCTION, MERIDIAN BUILDERS INC"
1884,CHRIS WELCH
1885,"BRACE DEVELOPMENT LLC, NORTHWEST NEW CONST/EXVTNG INC"
1886,"AOPE,INC DBA PIONEER CONST SER"
1887,CONTEXT DESIGN/BUILD INC
1888,PARAGON HEATING & AIRCOND CORP
1889,ACCURATE & AFFORDABLE DMLN INC
1890,SABEY CONSTRUCTION INC
1891,BRIMSTONE FIRE SAFETY MNG LLC
1892,SEA CON LLC
1893,LOCO LEGOS CONSTRUCTION INC
1894,"CITY OF SEA F&FD, MODERN SEWER CORPORATION"
1895,"CLEAR CHANNEL OUTDOOR INC, OBIE CONSTRUCTION INC"
1896,"DESIGN AIR LTD, SEATTLE SCHOOL DISTRICT (A&S)"
1897,"U OF W -FACILITIES ALTERATIONS, U OF W:FACILITIES SVCS-CAMPUS"
1898,ACE FIRE PROTECTION SYSTEMS
1899,CUSTOM SPRINKLER CORP
1900,"WILLIAMS MECHANICAL, INC."
1901,NET ZERO IMPACT LLC
1902,"NELSON ELECTRIC INCORPORATED, PACIFIC STUDIO INC"
1903,"CHAFFEY BUILDING GROUP LLC, DAVIDSEN TRUCKING & UTILITIES"
1904,"CITY OF SEA F&FD, RJ RICHARDS CE LLC"
1905,"NELSON & SONS CONST CO INC, TOLL WA LP"
1906,"LYDIG CONSTRUCTION INC, TITAN EARTHWORK LLC"
1907,CASCADE MACHINERY & ELEC INC
1908,"U OF W BUILDING PERMIT, W G CLARK CONSTRUCTION CO"
1909,SNOHOMISH HEATING & AC INC
1910,"SANTA INCORPORATED, WALSH CONSTRUCTION CO/WASH"
1911,MARLIN REFRIGERATION
1912,"FAIRWINDS DEVELOPMENT LLC, ON-GRADE EXCAVATING"
1913,GKO CONSTRUCTION LLC
1914,"INTER-CITY CONTRACTORS INC, WYSER CONSTRUCTION CO INC"
1915,DREAMMASTERS CONSTRUCTION INC
1916,"BLACKROCK INDUSTRIES LLC, CHINS ELECTRIC LLC"
1917,ADAM KNUTZ
1918,ATLAS HEATING INCORPORATED
1919,NORTHWEST REFRIGERATION
1920,MILLER CONTRACTING SVCS LLC
1921,"ALL POINTS HEATING & FIREPLACE, HORECO INCORPORATED"
1922,"NORTHWEST NEW CONST/EXVTNG INC, TRUE BUILT DEVELOPMENT LLC"
1923,BENJAMIN CUSTOM HOMES LLC
1924,SEA AIRE INCORPORATED
1925,"MOON ELECTRIC COMPANY, WILCOX CONSTRUCTION INC"
1926,WEST PACIFIC DEVELOPMENT LLC
1927,LLOYD ENTERPRISES INCORPORATED
1928,PACIFIC STAINLESS PRODUCTS INC
1929,"PIPELINE INDUSTRIES INC, RUSH PLUMBING INC"
1930,SIGNWORKS LLC
1931,"GREENBUILD DEVELOPMENT LLC, NW CONSTRUCTION SERVICES LLC"
1932,"GARY MERLINO CONSTRUCTION CO, METRO KING CTY TRANSPORTATION"
1933,STROMME HOMES INC
1934,GROVE HILL CONSTR LLC
1935,FAIRBANK CONSTRUCTION CO INC
1936,ROBERT KRUSE COMPANY INC
1937,ERIC ESPARZA
1938,"BELLEVUE MECHANICAL, NITZE-STAGEN & CO INC"
1939,JACOBS FINE CONST LLC
1940,GALL CONSTRUCTION CO INC
1941,DOUBLE D DESIGNS LLC
1942,PUGET SOUND GAS PIPING INC
1943,"VERTIGO HIGH ACCESS SRVS, LLC"
1944,HB STRUCTURES LLC
1945,"CENTRAL PUGET SOUND TRANSIT, TITAN EARTHWORK LLC"
1946,"C K EXCAVATING INC, LOCKHART-SUVER LLC"
1947,PRISTINE SWEEPS LLC
1948,DK PARTNERS INC
1949,DEMOLITION MAN INC
1950,BMWC CONSTRUCTORS INC
1951,ADVANCED ENERGY MANAGEMENT INC
1952,URBAN RENEWAL LLC
1953,"SUSAK INVESTMENT, LLC"
1954,BECKWITH & KUFFEL INC
1955,"METHOD CONSTRUCTION INC, SUTTER HOME & HEARTH INC"
1956,BURWELL CONSTRUCTION
1957,INNOVATIVE THERMAL SOLUTIONS
1958,"FIRESIDE INCORPORATED, NW PERMIT"
1959,TROTTER/MORTON FACL SER/WA INC
1960,"ADVANCED ENERGY SAVERS INC, PORTERS REFRIGERATION"
1961,ENUMCLAW EXCAVATING INC
1962,MODULAR SPACE CORPORATION
1963,SEATTLE PUBLIC SCHOOLS
1964,HALFON CONSTRUCTION CO INC
1965,"AUBURN MECHANICAL, SEATTLE CITY LIGHT"
1966,FORNONI BUILDERS
1967,JOHN F BUCHAN CONST INC
1968,ABSHER CONSTRUCTION CO
1969,DAKE CUSTOM CONSTRUCTION LLC
1970,"SWIMMING POOL CO, THE"
1971,HILLSIDE ELEVATOR INC
1972,SCOT ECKLEY INC
1973,"ROTO ROOTER SERVICES CO, ROTO ROOTER SERVICES COMPANY"
1974,STEFAN HANSMIRE
1975,ADEPT MECHANICAL
1976,E R PROPERTIES INC
1977,"CITY OF SEA F&FD, MID-MOUNTAIN CONTRACTORS INC"
1978,PLUMBING ENTERPRISES
1979,"CREO INDUSTRIAL ARTS, ERECTION COMPANY INC, THE"
1980,"BUILT RIGHT HOMES & RMDLNG INC, BUILT RITE HOMES & RMDLNG INC"
1981,GREER HEATING AND AIR
1982,DIRT PROS LLC
1983,"SIGNS PLUS, SIGNS PLUS INC"
1984,BENCHMARK BLDG CONSULTANTS
1985,"CREO INDUSTRIAL ARTS, INSIGNIA SIGN INC"
1986,"EXTERRA, LLC, HOBART EXCAVATION SERVICE INC"
1987,D L H INC
1988,VEHICLE EQUIPMENT INSTALLATION
1989,AUSTECH ELECTRIC
1990,BAYLEY CONST A GEN PARTNRSHP
1991,BELLAN CONSTRUCTION
1992,"ACTIVE ENVIRONMENTAL INC, SCHULTZ MILLER INC"
1993,"MCKINSTRY COMPANY LLC, MCKINSTRY ELECTRIC"
1994,NELSON HOME LLC
1995,FAST CATS LLC
1996,BOWMAN REFRIGERATION INC
1997,S W HATHAWAY INC
1998,METHOD CONSTRUCTION INC
1999,A1 ASPHALT PAVING INC
2000,"GRAVITY FLOW SYSTEMS INC, KOHARY CONSTRUCTION INC,"
2001,SIGN CONNEXTION
2002,BLUE HOPE CONSTRUCTION INC
2003,"PIPE GUYS, THE, THE DIRT GUYS/PIPE GUYS"
2004,"AGILE DEVELOPMENT LLC, DIRT PROS LLC"
2005,PORTICO BUILDERS INC
2006,"UNIVERSITY OF WA, UNIVERSITY OF WASHINGTON"
2007,"M. J. TAKISAKI, INC."
2008,KEHOE SIGNS
2009,ARCHITECTURAL GRAPHICS INC
2010,"FOLEY SIGN COMPANY, NATIONAL SIGN CORPORATION"
2011,"DOUBLE K PLUMBING, NORTHWOOD HEATING & AIR INC"
2012,"DAVIDSEN EXCAVATING INC, GREENBUILD CORPORATION"
2013,SEATTLE TACOMA PLUMBING STOP
2014,"CITY OF SEA F&FD, SCHINDLER ELEVATOR COMPANY"
2015,QUALITY PLUS INSULATION INC
2016,EXCELL PLUMBING INC
2017,"DOCHNAHL CONSTRUCTION INC, SERVICE PLUMBING & HEATING INC"
2018,RUSHFORTH CONSTR CO INC
2019,"FAIRWINDS DEVELOPMENT LLC, FIRESIDE OF WASHINGTON INC"
2020,AAA HVAC LLC
2021,"SIGN WIZARDS INC, VANCOUVER SIGN COMPANY INC"
2022,"BELLEVUE MECHANICAL, SEATTLE PARKS DEPT"
2023,"HEATING WORKS, NORTHCREEK MECHANICAL"
2024,BLOCK SERVICES INCORPORATED
2025,TECHCRAFT CORP
2026,ASHLEY REMODELING & CONST. INC
2027,TOTH CONSTRUCTION INC
2028,"U OF W BUILDING PERMIT, U OF W:FACILITIES SVCS-CAMPUS, UNIVERSITY OF WASHINGTON"
2029,PREMIER FIELD DEVELOPMENT
2030,JAMAK ENTERPRISES LLC
2031,LEGEND DEVELOPMENT LLC
2032,BUILD MODERN INC
2033,"ON-GRADE EXCAVATING, PATRICK COBB"
2034,RAIN DOG DESIGNS LLC
2035,"CREASEY BULLDOZING INC, MASTON PROPERTIES & CONST LLC"
2036,MCRORY CONSTRUCTION INC
2037,NORTHWEST MECHANICAL GROUP LLC
2038,AFFORDABLE PLUMBING
2039,MCGOWEN MECHANICAL LLC
2040,CUSTOM ELECTRICAL SERVICES LLC
2041,"ACORN DEVELOPMENT LLC, SELLEN CONSTRUCTION CO INC"
2042,HOMETOWN CONSTRUCTION
2043,"ALLOY DESIGN GROUP LLC, QUALITY PLUS INSULATION INC"
2044,MARPAC CONSTRUCTION LLC
2045,T C CONSTRUCTION LLC
2046,APOLLO NEON INCORPORATED
2047,"ALL POINTS ELECTRIC LLC, ALL POINTS HEATING & FIREPLACE"
2048,"AMAZON.COM, BELLEVUE MECHANICAL"
2049,"FAIRHOLME, INC"
2050,LEVEL CONTRACTING SERVICES LLC
2051,COLD KNIGHT BUILDERS LLC
2052,SANCO CONSTRUCTION LLC
2053,"BEAU DEVELOPMENT INC, ON-GRADE EXCAVATING"
2054,PACIFIC SUN SERVICES LLC
2055,"AA PLUMBING & DRAIN TEAM, INC"
2056,"HERMANSON COMPANY LLP, TURNER CONSTRUCTION COMPANY"
2057,CASTLE HEATING & A/C INC
2058,PACIFIC NORTHWEST EARTHWORKS
2059,"KASSEL & ASSOCIATES INC, PROEXC LLC"
2060,CAMBIUM INC
2061,WEST COAST EQUIP INSTALLATIONS
2062,DIVVEN BROWNE
2063,"STAGE PLAN INC., THE"
2064,WASHINGTON COMMERCIAL PNTR INC
2065,ARCHIE'S PLUMBING SERVICE INC
2066,COMPLETE HEATING & A/C INC
2067,H & H EXCAVATING
2068,"RUDD DEVELOPMENT CO. INC, SEATTLE PIPEWORKS, INC"
2069,"GNC LLC, SEATTLE PIPEWORKS, INC"
2070,SIGNS PLUS INC
2071,STONE SOUP GARDENS LLC
2072,REPAIRPRO LLC
2073,SUNSHINE HEATING AIR CNDT LLC
2074,LARRY'S ELECTRIC
2075,"AUBURN MECHANICAL, BERSCHAUER PHILLIPS CONST CO"
2076,TRANSIT PLUMBING INC
2077,AMPLE ELECTRIC GROUP INC
2078,METRO AIR INC
2079,IGOR'S QUALITY SERVICE
2080,ARISTO MECHANICAL CO
2081,C P I PLUMBING & HEATING
2082,PARKWORX LLC
2083,HS GENERAL CONTRACTORS
2084,PACIFIC NORTHWEST EXCAVATING
2085,GREENLEAF CONSTRUCTION INC
2086,"COMFORT HEATING, PORTICO BUILDERS INC"
2087,CORE CONSTRUCTION LLC
2088,COMFORT HEATING
2089,TWIN CITY PLBG & RDIANT HT INC
2090,BEDROCK CONSTRUCTION GROUP INC
2091,"SEATTLE SCHOOL DISTRICT (A&S), WESTERN VENTURES CONST INC"
2092,LETTERWORKS SIGN DESIGN
2093,MY BUDDY DAVE THE PLUMBER
2094,GENERATION CONSTRUCTION LLC
2095,"PHIL-SYSTEMS CONTRACTORS, LLC"
2096,RED CEDAR INC
2097,COMFORT SOLUTIONS
2098,"ARTCO SIGN CO INC, BERRY NEON CO INC, NORTH STAR ELECTRIC INC"
2099,"ARTCO SIGN CO INC, SIGN-TECH ELECTRIC LLC"
2100,JOSEPH SIMMINS CONSTRUCTION
2101,EMERALD CITY GREEN BLDRS INC
2102,KING CONSTRUCTION CO INC
2103,ERICSON ARCH HOME DESIGN INC
2104,DAVIDSEN TRUCKING & UTILITIES
2105,"EMERALD AIRE INCORPORATED, SEATTLE HOUSING AUTH GENERAL"
2106,COLUMBIA BUILDERS INC
2107,"EASTLAKE UTILITIES EXVTNG INC, LAKEVILLE CONSTRUCTION INC"
2108,T CONSTRUCTION
2109,"SHORELINE SIGN & AWNING, VERTICAL VISUAL SOLUTIONS"
2110,DEBOLTE PLUMBING & HEATING INC
2111,"ERECTION COMPANY INC, THE, PLUMB SIGNS INC"
2112,SOURCE REFRIGERATION & HVAC
2113,EATMON DECKS ETC
2114,TODD POWELL
2115,VASHON HEATING & COOLING
2116,DANNEKO CONSTRUCTION
2117,DOC BEAN'S PLUMBING & HEATING
2118,SBI CONSTRUCTION
2119,LOCKHART-SUVER LLC
2120,SILVER 2 GOLD PLUMBING LLC
2121,"FAST HEATING & A/C INC, WASHINGTON NATURAL GAS HTG/AIR"
2122,"NW PERMIT, WASHINGTON ENERGY SERVICES CO"
2123,DESIGN GUILD HOMES OF WA INC
2124,"ARTCO SIGN CO INC, KEMLY ELECTRIC INCORPORATED"
2125,ADVANCED ENERGY MANAGEMENT LLC
2126,"CHARTER CONSTRUCTION, GREEN RIVER CONST COMPANY INC"
2127,"FASTSIGNS/LYNNWOOD, PACIFIC SIGN ERECTORS INC"
2128,"DAVIS BACKHOE SERVICE LLC, FAIRWINDS DEVELOPMENT LLC"
2129,"CALLAWAY & SONS EXCAVATING INC, NW REMODEL INC"
2130,TURTLE BROS REFRIGERATION INC
2131,DEVIL DOG INSTALLATIONS LLC
2132,T-OZ CONSTRUCTION INC
2133,AMERICAN NEON INCORPORATED
2134,NORTHWEST HOMECRAFTERS INC
2135,CREASEY BULLDOZING INC
2136,CLINESMITH CONSTRUCTION
2137,BALDWIN SIGN CO
2138,ISEC INC
2139,JAFCO COMPANY
2140,SNOHOMISH COUNTY EXCVTNG INC
2141,THE MCKINNEY GROUP INC
2142,ALL COMMERCIAL REFRIGERATION
2143,RITEWAY ELECTRICAL & CONST INC
2144,ADEK CONSTRUCTION COMPANY
2145,MACKINNON DESIGN & DVLPMT CORP
2146,ZEPPELIN STUDIO
2147,ELWELL CONCRETE & CONTRACTING
2148,T I DESIGN BUILD INCORPORATED
2149,KC FACILITIES MGMT CPD
2150,FIESABLE CONSTRUCTION
2151,NITZE-STAGEN & CO INC
2152,METALWORKS & DESIGN STUDIO
2153,"EVERGREEN REFRIGERATION LLC, REVOLUTION GREEN POWER"
2154,SUNSET AIR INC
2155,HAMILTON HTG & A/C LLC
2156,GARDEN SEASONING INC
2157,TSCO PLUMBING LLC
2158,"CASTLE CUSTOM MECHANICAL LLC, EXCEL HOMES INC"
2159,D J ELECTRIC & CONST INC
2160,PB CONSTRUCTION LLC
2161,ANCHOR PLUMBING INC
2162,CHAPMAN EXCAVATION LLC
2163,NEON SYSTEMS INC
2164,"MOSBRUCKER EXCAVATING, INC, WALSH CONSTRUCTION CO/WASH"
2165,EASTLAKE UTILITIES EXVTNG INC
2166,MUTUAL INDUSTRIES
2167,DEREK BRAZINSKAS
2168,"CEDAR GROVE ELECTRIC, INC, SIGNS OF SUCCESS"
2169,KINESIS CONSTRUCTION INC
2170,ETHAN HOME REPAIR & REMODELING
2171,HANBY CONSTRUCTION CO INC
2172,CONCEPT BUILDERS GROUP INC.
2173,COLUMBIA PUMPING & CONST INC
2174,CARE FREE KITCHENS & BATH
2175,TERRAIN SEATTLE CO
2176,DARVIN ELECTRIC INCORPORATED
2177,OLYMPIC HEATING & SHEET MTL CO
2178,FIREPLACE SUPPLY INC
2179,AIRWARE INC
2180,M R J CONSTRUCTORS LLC
2181,K CONTRACTING LLC
2182,PLUMBING & HEATING SPEC LLC
2183,GR GENERAL CONSTRUCTION
2184,"J A S DESIGN BUILD INC, QUALITY PLUMBING"
2185,B I J HEATING & COOLING
2186,TOPLINE PLUMBING LLC
2187,"NORTHWEST NEW CONST/EXVTNG INC, P & M CONSTRUCTION"
2188,H & H REFRIGERATION
2189,TRI-COUNTY HEATING & AIR INC
2190,KROLL MC GOVERN CONSTRUCTION
2191,MORUP SIGNS INC
2192,ALL HI TECH HTG & A/C LLC
2193,"BOOM BUILDERS LLC, PERRY EXCAVATION LLC"
2194,SIERRA PACIFIC CONSTRUCTION
2195,JOSEPH MCKINSTRY CONST CO
2196,CHARTER CONSTRUCTION
2197,DKG FABRICATION INC
2198,"EQUIPMENT INSTALLERS INC, HILLYARD HEATING"
2199,DALE MILLER CONSTRUCTION
2200,DLC TRUCKING INC
2201,TIM WHEELER CONSTRUCTION
2202,"ADVANCED SIGNS LLC, CROSSROAD SIGN"
2203,MEGA PACIFIC CO
2204,PHOENIX HEATING & A/C LLC
2205,PRO-TECH HEATING & COOLING INC
2206,PETRA CONSTRUCTION INC
2207,BLUE WAVE CONSTRUCTION INC
2208,STEADMAN HOMES LLC
2209,ABK CONSTRUCTION
2210,"DCLU WAIVE LICENSE CHECK, SEATTLE TRANSPORTATION"
2211,"ZELLERHOFF CONSTRUCTION, INC."
2212,COLUMBIA ENVIRONMENT
2213,AMEC ENVIRO/INFRASTRUCTURE INC
2214,LOGANS HAMMER BLDG/RENOVTN INC
2215,WESTERN CONSTRUCTION SRVCS INC
2216,RICHARD OHLEMEIER CONST INC
2217,"SMITH FIRE SYSTEMS INC, SMITH FIRE SYSTEMS MGMT LLC"
2218,"ALL TEMP MECHANICAL INC, UNIVERSITY MECH CONTRACTOR INC"
2219,NORTHCREEK MECHANICAL
2220,ODYSSEY BUILDERS INC
2221,SIGNMART LLC
2222,SAL DEVELOPMENT LLC
2223,"KC FACILITIES MGMT CPD, STEVEN TRAN"
2224,REFRIGERATION CONTRACTORS INC
2225,"ALL POINTS HEATING & FIREPLACE, HORECO INC"
2226,SWINERTON BUILDERS
2227,O M A CONSTRUCTION INC
2228,CHRISTOPHER G. WATERS
2229,SED CONSTRUCTION LLC
2230,MILLENIUM LANDSCAPE CONST INC
2231,"U OF W:FACILITIES SVCS-CAMPUS, UNIVERSITY OF WASHINGTON"
2232,DAEDALUS ECO LLC
2233,PRECISION HEATING & A/C INC
2234,"CITY OF SEA SPU DRAIN & WASTE, PACIFIC NORTHWEST EARTHWORKS"
2235,FABAIR INC
2236,PUGET SOUND MECHANICAL INC
2237,ACS SEATTLE LLC
2238,KREKOW JENNINGS INC
2239,ALL CITY CONSTRUCTION LLC
2240,"G2B VENTURES LLC, HOBART EXCAVATION SERVICE INC"
2241,"KING COUNTY METRO TRANSIT, SHINN MECHANICAL, INC."
2242,"DESIGN AIR LIMITED, DESIGN AIR LTD"
2243,MONROE HEATING & REFRIGERATION
2244,PROGRESSIVE AIR SYSTEMS INC
2245,NORTH PARK HEATING INC
2246,BRACE POINT CARPENTRY LLC
2247,"MID-MOUNTAIN CONTRACTORS INC, U OF W BUILDING PERMIT"
2248,COMPLETE RENOVATIONS LLC
2249,"NELSON & SONS CONST CO INC, PAULSEN CONSTRUCTION INC"
2250,ROWAN CONSTRUCTION INC
2251,BEST CHOICE CONSTRUCTION LLC
2252,"CRS ENTERPRISES, DYNA CONTRACTING INC"
2253,"ACQUA PLUMBING LLC, EMSWILER CONSTRUCTION INC"
2254,"BEST PLUMBING GROUP LLC, C K EXCAVATING INC"
2255,COCHRAN INCORPORATED
2256,NEW WEST CONSTRUCTION INC
2257,ELMECCO INC
2258,"C K EXCAVATING INC, PLUMA HOMES LLC"
2259,SIGN WIZARDS INC
2260,"GOPHER CONSTRUCTION CO INC, MASTON PROPERTIES & CONST LLC"
2261,A+ HEATING & AIR
2262,"APOLLO NEON INCORPORATED, WILCOX CONSTRUCTION INC"
2263,CELTIC CONCRETE WA CORPORATION
2264,G3 DEVELOPMENT INC
2265,"HERMANSON COMPANY LLP, UNIVERSITY MECH CONTRACTOR INC"
2266,"BERRY NEON CO INC, WILCOX CONSTRUCTION INC"
2267,SOUTHERN HEAT
2268,"DIAMOND B CONSTRUCTORS INC, U OF W BUILDING PERMIT"
2269,GMG CONSTRUCTION INC
2270,"J E DUNN NORTHWEST INC, PSF MECHANICAL INC"
2271,AVALON MANAGEMENT INC
2272,"SEATTLE PARKS DEPT, W S CONTRACTORS LLC"
2273,"AFFORDABLE GAS SERVICE LLC, AFFORDABLE HEATING/COOLING INC"
2274,JACKSON DEAN CONSTRUCTION
2275,"GREEN'S LANDSCAPING, LLC, HIGHMARK ENTERPRISES LLC"
2276,UNIVERSITY OF WA
2277,MOUNTAIN VALLEY HEATING
2278,GROUP HEALTH COOPERATIVE
2279,"GILLESPIE PLUMBING, OLD PAPA'S CONSTRUCTION LLC"
2280,WA BIOMEDICAL RESEARCH PROP
2281,"BEST PLUMBING GROUP LLC, C K EXCAVATING INC, KREKOW JENNINGS INC"
2282,"HIGH PERFORMANCE HEATING LLC, MACKINNON DESIGN & DVLPMT CORP"
2283,GREENTECH INC
2284,LAKEVIEW DESIGN & CONSTRUCTION
2285,"GREAT SUN CORP, MOORE FIRE PROTECTION"
2286,CASCADE HEATING & A/C INC
2287,PAULSEN CONSTRUCTION INC
2288,LAKE CITY PLUMBING
2289,ACME HOMES LLC
2290,PRIDE GENERAL CONTRACTING INC
2291,SEA KING SEWER & ROOTER
2292,"RUNNERS LLC, THE"
2293,"DOVETAIL GENERAL CONTRACTORS, PERKINS EXCAVATING INC"
2294,"COLUMBIA FIRE INC, COMFORT MECHANICAL INC"
2295,"CASCADE BUILT, RKC CONSTRUCTION INC"
2296,"BLAKLEY BROTHERS INCORPORATED, DAEDALUS ECO LLC"
2297,"CAREY BROTHERS ROCKERIES LLC, DCLU WAIVE LICENSE CHECK"
2298,OCEANSIDE CONSTRUCTION INC
2299,URBAN OASIS DSGN & CONST LLC
2300,"CALLISON ARCHITECTURE, INC"
2301,"ALEXANDER HEATING, ALEXANDERS HEATING INC"
2302,"DAVIDSEN EXCAVATING INC, DAVIDSEN TRUCKING & UTILITIES"
2303,"NORTHWOOD HEATING & AIR INC, TWIN CITY PLUMBING"
2304,"DOUBLE K PLUMBING, TWIN CITY PLUMBING"
2305,NORTH WEST HANDLING SYS INC
2306,S B QUALITY AIR LLC
2307,"PAUL LOISEAU COMPANY, SEATEMP LLC"
2308,"COMBUSTION & CONTROL, PROCTOR SALES"
2309,AMBROSE CONSTRUCTION
2310,"APOLLO NEON INCORPORATED, VERTICAL VISUAL SOLUTIONS"
2311,"FRED HUTCHINSON CANCER RES CTR, OMEGA MEDICAL MECHTRONICS"
2312,SALZETTI & SONS CONTR LLC
2313,"ADVANCED SIGNS LLC, EVERGREEN SIGN COMPANY"
2314,"MATT KOPICKY, PMG MECHANICAL INC"
2315,"MATT KOPICKY, SOUTHERN HEAT"
2316,PICNIC POINT HTG & COOLING LLC
2317,"DCLU WAIVE LICENSE CHECK, WYSER CONSTRUCTION CO INC"
2318,CITY WEST CONSTRUCTION INC
2319,"BDZ CONSTRUCTION, POLYGON NORTHWEST COMPANY"
2320,"FED EXCAVATION INC, MERCER BUILDERS"
2321,"TAHRAN AIR, LLC"
2322,"DR COOL INC, NW PERMIT"
2323,"BIGHORN EXCAVATING LLC, C D K CONST SERVICES INC"
2324,BN BUILDERS
2325,"CC EDWARDS, FOUSHEE & ASSOCIATES CO INC"
2326,"EMERALD FIRE LLC, WESTERN STATES FIRE PRTCTN CO"
2327,"ALL SEWER CONSTRUCTION LLC, MANCHESTER CONSTRUCTION LLC"
2328,"G F R HEATING & COOLING LLC, RAVEN DESIGN BUILD"
2329,BLUE CANYON CONSTRUCTION
2330,D B DAVIS CONSTRUCTION LLC
2331,"TERRENE VENTURES, WELWEST CONSTRUCTION INC"
2332,RAMJACK NW LLC
2333,"ANDGAR CORPORATION, EUROPA CONSTRUCTION INC"
2334,ALLEN & L CONSTRUCTION
2335,TRINITY CONST BUILDERS LLC
2336,"BULLDOG MECHANICAL LLC, SEATTLE COMM COLLEGE DIST VI"
2337,"SEATTLE SCHOOL DISTRICT (A&S), TUBE ART DISPLAYS INC"
2338,"MARENAKOS, INC"
2339,J ZAMORA CONSTRUCTION CO LLC
2340,WESTERN FIRE PROTECTION
2341,BULLDOG MECHANICAL LLC
2342,ENVIRONMENTAL COMFORT SYSTEMS
2343,LAMBERT CREEK LLC
2344,COVENANT PLUMBING PLLC
2345,WILSON PLUMBING LLC
2346,INNOVATIVE MECH SERV INC
2347,"CREO INDUSTRIAL ARTS, CREO INDUSTRIAL ARTS LLC"
2348,MAX CONSTRUCTION
2349,CARBONIC SYSTEMS INC
2350,PEACEFIELD CONSTRUCTION
2351,ADRIATIC PLUMBING
2352,D & J LAND SERVICES LLC
2353,COBALT CONSTRUCTION
2354,"GLENDALE HEATING & A/C, MEYER SIGN ADVERTISING CO INC"
2355,IMAGINE ENERGY LLC
2356,BEISLEY INC
2357,BETSCHART MECHANICAL INC
2358,"C K EXCAVATING INC, KINETIC CONSTRUCTION INC"
2359,BUCHANAN GENERAL CONTRACTING
2360,"CITY INVESTORS, HOWARD S WRIGHT CONSTRUCTN LP"
2361,"SCHINDLER ELEVATOR COMPANY, SCHNEIDER ELECTRIC INC"
2362,"ALOISIO PLUMBING INC, CITY OF SEA F&FD"
2363,SOUTHGATE ELECTRIC INC
2364,"MARONI CONSTRUCTION INC, SEATTLE PARKS DEPT"
2365,"CHAPMAN EXCAVATION LLC, ROTO ROOTER SERVICES COMPANY"
2366,RELIABLE CONSTRUCTION INC
2367,ADMIRAL GAS SERVICE
2368,B & J PLUMBING INC
2369,"A SIGN COMPANY, KRS ELECTRIC"
2370,ALL POINTS ELECTRIC LLC
2371,PROGRESSIVE MECHANICAL & ELECT
2372,"FASTSIGNS, TANGENT ELECTRIC LLC"
2373,HALO CONSTRUCTION
2374,"NORTHSOUND REFRIGERATION, SHAWN TUTHILL"
2375,NW CONSTRUCTION SERVICES LLC
2376,SQUAREHEAD HOME REPAIR LLC
2377,EASTON REFRIGERATION LLC
2378,AFFORDABLE EXCAVATING & PD LLC
2379,SMITHWORKS
2380,FSI CONFIDENCE PLUS INC
2381,USVET LLC
2382,"DCLU WAIVE LICENSE CHECK, PEACEFIELD CONSTRUCTION"
2383,MARTHA ROSE CONSTRUCTION INC
2384,KIRKLAND ELECTRICAL SERVICE
2385,PUGET SOUND FIREPLACE INC
2386,"C K EXCAVATING INC, WICK HOMES LLC"
2387,WESTERN STATES FIRE PROTECTION
2388,CRESCENT MECHANICAL INC
2389,HEARTHSIDE SHOPPE
2390,SCHNEIDER ELECTRIC INC
2391,"P C I PERSONAL CONSTRUCTION, WHITE USA INC"
2392,UNIVERSAL ELECTRIC INC
2393,MANCHESTER CONSTRUCTION LLC
2394,TANKS BY DALLAS
2395,PALLET & PALETTE
2396,TITAN LANDSCAPING
2397,CCT CONSTRUCTION
2398,GREGORY DILL & COMPANY
2399,MARSH REMODELING LLC
2400,"SEATTLE SCHOOL DISTRICT (A&S), TRANE COMPANY"
2401,"HAAS HEATING LLC, RAINCAP CONSTRUCTION INC"
2402,E S & A SIGN & AWNING
2403,ANTOVICH DEV & CONTRACTORS INC
2404,JAN GOUGH
2405,"EVERGREEN HOUSE INC, SCHUCHART CORP"
2406,"GREENWOOD HEATING & AC, SELECT AIR SERVICE"
2407,KENCO OF WASHINGTON INC
2408,"ELK PLAIN EXCAVATING, LLC"
2409,WICK HOMES LLC
2410,BEHNKE CONSTRUCTION
2411,"IMAGECRAFT INDUSTRIES INC, MALLOY, THOMAS R"
2412,ROADS PAVING
2413,SELIN CONSTRUCTION & RMDLNG
2414,WOODWAY HOMES INC
2415,GRIFFIS HEATING INCORPORATED
2416,REAL ASSETS CONTR SRVCS INC
2417,KESSLER BROTHERS CONST INC
2418,BENDER/CHAFFEY CORPORATION
2419,KEYSTONE CONSTRUCTION
2420,SELENA FITCH
2421,CRIST SIGN SERVICE
2422,"BUDGET SEWER, MORAN & HONEYMAN/BUDGET SEWER"
2423,WAYNE'S GENERAL CONST CO
2424,"MICHAEL POLLARD, OBIE CONSTRUCTION INC"
2425,NCM CONTRACTING GROUP LP
2426,BLANK PAPER LLC
2427,BELBROOK PLUMBING
2428,GREENWOOD HEATING & AC
2429,DELEN CONSTRUCTION SRVS INC
2430,"QUALITY PLUMBING, REED WRIGHT HTG & ELEC CO INC"
2431,WREN CONSTRUCTION INC
2432,MERCURY CONSTRUCTION INC
2433,ENVISION HOMES
2434,DRAIN AWAY PLUMBING
2435,CHAMPION AIR HVAC
2436,N W HRG & A/C SERV OF WA LLC
2437,SUPERGRAPHICS
2438,"JOSH NIEDERBERGER CNTRTING LTD, SYSTEM DESIGN SOLUTIONS LLC"
2439,JOSH NIEDERBERGER CNTRTING LTD
2440,NATURAL/BUILT ENVIRONMENTS LLC
2441,MALLET INC
2442,NORTH CREST DEVELOPMENT CORP
2443,"COMPASS HARBOR CONSTRUCT LLC, GARY MERLINO CONSTRUCTION CO"
2444,TAYLOR MECHANICAL LLC
2445,"ERICKSON COMM REFRIG INC (ECR), MATRIX ENERGY SERVICES LLC"
2446,AMBIENT CONTROL CO INC
2447,4TH ELEMENT CONST SERVICES
2448,WESTERN WASHINGTON SERVICES
2449,"LOGANS HAMMER BLDG/RENOVTN INC, SCHULTZ MILLER INC"
2450,MARCH MACDONALD INC
2451,"GROUP HEALTH COOPERATIVE, JOHANSEN MECHANICAL INC"
2452,GROAT BROS
2453,TRIFECTA CONSTRUCTION
2454,KLE CONSTRUCTION LLC
2455,EARTHWORKS INC
2456,CASCADIA SPAS & STOVES
2457,"DCLU WAIVE LICENSE CHECK, HOBART EXCAVATION SERVICE INC"
2458,"DCLU WAIVE LICENSE CHECK, LOYAL MECHANICAL INC"
2459,"DCLU WAIVE LICENSE CHECK, ROTO ROOTER SERVICES COMPANY"
2460,NORTHWEST CLIMATE CONTROLS INC
2461,H W HILL COMPANY INCORPORATED
2462,GRAPHIC DSPLY SGN/AWNG INS INC
2463,"BIGHORN EXCAVATING LLC, ROBERTS WYGAL LLC"
2464,PRODIGY LANDSCAPE CONTRG LLC
2465,MASTER POOLS OF WASHINGTON INC
2466,EVERGREEN ENVRNMENTAL SVCS INC
2467,PACIFIC ENVIRONMENTAL SRVCS CO
2468,JCM NORTHLINK LLC
2469,"B & G PROPERTY MAINTENANCE LLC, MODERN SHELTER LLC"
2470,ALLIED ENVIRONMENTAL SRVCS CO
2471,"MCKINSTRY COMPANY LLC, U OF W BUILDING PERMIT"
2472,ALLIED COMPLETE REPAIR
2473,WEST SEATTLE DESIGN BUILD
2474,"ERICKSON COMM REFRIG INC (ECR), PHOENIX HEATING & A/C LLC"
2475,MATVEY CONSTRUCTION INC
2476,"DOTY & ASSOCIATES, MILLER ELECTRIC LLC"
2477,PUGET SOUND SOLAR LLC
2478,P C I PERSONAL CONSTRUCTION
2479,"BOLLES CONSTRUCTION INC, WESTHILL INC"
2480,WILLIAM LEONARD LLC
2481,BOBBY WOLFORD TRKNG & SLVG INC
2482,"MIKE TIMMONS, RIGHT ON HEATING/SHT METAL INC"
2483,HOME PRO INSTALLS
2484,AKERS LANDSCAPING INC
2485,STANTEC CONSULTING GROUP
2486,GO GREEN MECHANICAL & HEATING
2487,WORTHINGTON CUSTOM HOMES LLC
2488,BRANDEL HOMES LLC
2489,A-BELL EXCAVATING INC
2490,"BEST ELECTRIC CORPORATION, SPEEDY SIGNS"
2491,PIPELINE PLUMBNG/CONSULTNG INC
2492,PRESCOTT HOMES INC
2493,"HOWARD S WRIGHT CONSTRUCTN LP, WA STATE DOT-VIADUCT/SEAWALL"
2494,RABAN CONTRACTOR SERVICES LLC
2495,"METALSMITHS INC, THE"
2496,BENT METAL CO
2497,INDUSTRIAL BOILER SERVICE INC
2498,BRENNAN HEATING & A/C LLC
2499,POTTER CONSTRUCTION
2500,MICHELS CORP/MICHELS PIPELINE
2501,UNITED SYSTEMS INCORPORATED
2502,A HAYES HEATING & COOLING LLC
2503,AINSLIE DAVIS CONSTRUCTION INC
2504,"CENTRAL PUGET SOUND TRANSIT, HOFFMAN CONSTRUCTION CO OF WA"
2505,MEYER SIGN & ADVERTISING CO
2506,ALBERT GABELEIN CONST LLC
2507,"DCLU WAIVE LICENSE CHECK, NW PLUMBING"
2508,"COMMERCIAL STRUCTURES INC, SITE DEVELOPMENT, INC. (SDI)"
2509,WOODMASTERS CONSTRUCTION LLC
2510,CRESCENT CONTRACTING INC
2511,"AL LIND COMPANY, SEATTLE PIPEWORKS, INC"
2512,BLUE WATER CONSTRUCTION
2513,CLEARVIEW MECHANICAL INC
2514,EXCEL HOMES INC
2515,"NELSON & SONS CONST CO INC, U OF W CAPITOL PROJECTS"
2516,L W SUNDSTROM INC
2517,"SIGN FACTORY INC, THE"
2518,BUDGET HEATING AND AIR INC
2519,"IMAGE MILL INC, U OF W BUILDING PERMIT"
2520,"AARDEN AIR, DCLU WAIVE LICENSE CHECK"
2521,PUGET HEATING COMPANY INC
2522,"PSR-HVAC & MECHANICAL SERVICES, SHAWN TUTHILL"
2523,SEATTLE CANCER CARE ALLIANCE
2524,AIR NORTH ENERGY
2525,BLUE STAR GAS ASSOCIATES CO
2526,AMERICAN MECHANICAL CORP
2527,D&D PIPE LINNG & VID INSP LLC
2528,PLATEAU MECHANICAL
2529,PETER DAVIS BUILDERS INC
2530,"GALA SYSTEMS INC, PACE MATERIAL HANDLING INC"
2531,NW PLUMBING
2532,PHAN PLUMBING SERVICE
2533,"ACTIVE ENVIRONMENTAL INC, MERCER BUILDERS"
2534,RAINIER RENEWABLE ENERGY
2535,FINE CONSTRUCTION INC
2536,S T S REMODELING CORP
2537,AIRE FORCE HEATING & GAS INC
2538,WIESE ENTERPRISES INC
2539,TOTAL ART UNIQUE SIGN/AWNING
2540,J & L ENTERPRISES WA LLC
2541,LANDSVERK QUALITY HOMES INC
2542,"DWELL DEVELOPMENT, LLC, HOBART EXCAVATION SERVICE INC"
2543,PERFORMANCE PLUMBING INC
2544,ZEITGEIST INC
2545,MICHAEL LEON CONSTRUCTION INC
2546,EVERGREEN PLUMBING
2547,HK UNDERGROUND INC
2548,"AVALONBAY COMMUNITIES INC, TRI-STATE PLUMBING INC"
2549,"FAIRBANK CONSTRUCTION CO INC, LOGANS HAMMER BLDG/RENOVTN INC"
2550,NORTH MECHANICAL SHT MTL INC
2551,JASON ELLIS
2552,PRO CONSTRUCTION INC
2553,NK BUILD
2554,"U OF W BUILDING PERMIT, U OF W:FACILITIES SVCS-CAMPUS"
2555,SPOONER CONTRACTING
2556,EHIGH CONSTRUCTION CORPORATION
2557,AFFORDABLE HOOD INSTALLATION
2558,CONFIDENCE CONSTRUCTION INC
2559,TRAYLOR BROS INC
2560,STERLING ELEVATOR LLC
2561,WESTERN MECHANICAL SYSTEMS INC
2562,CECCANTI INC
2563,"CHEN CONSTRUCTION INC, TIGER CONST & EXCAVATION INC"
2564,EWCO SERVICES
2565,"AMERICOOL HEATING AND A/C LLC, ARCHITECTURAL DESIGN ASSO"
2566,DURO HEATING SERVICE INC
2567,TERSULI CONST SERVICES LLC
2568,BOUWER CONSTRUCTION CO LLC
2569,KNIGHT FIRE PROTECTION INC
2570,"FAST CATS LLC, TERHUNE HOMES INC"
2571,ANTHONY CONSTRUCTION
2572,NW CLASSIC LANDSCAPES
2573,THIELE CONSTRUCTION
2574,G & S HTG COOLING & ELECT INC
2575,PRESTIGE CUSTOM BUILDERS INC
2576,GAS PIPING MECHANIC
2577,"LIGER, SCOTT S"
2578,INDUSTRIAL AIR SYSTEMS
2579,TOPGUN PLUMBING LLC
2580,BRUCE SMITH HTG & COOLING INC
2581,T BARGER DIRTWORKS LLC
2582,"HEATH NORTHWEST, SO SEATTLE COMMUNITY COLLEGE"
2583,"RED WIRE ELECTRIC INC, SPEEDY SIGNS"
2584,MARONI CONSTRUCTION INC
2585,BOB BENSON & CO
2586,TERRA DYNAMICS INC
2587,UNION BAY FABRICATION INC
2588,C D K CONST SERVICES INC
2589,WHITETAIL CONSTRUCTION
2590,WRB LLC
2591,SOUND VIEW PLUMBING INC
2592,DRAIN-PRO INC
2593,MORAN & HONEYMAN/BUDGET SEWER
2594,HOWARD S WRIGHT CONST CO
2595,"CITY OF SEA F&FD, HOLMBERG COMPANY"
2596,ACORN RESIDENTIAL
2597,WITHYCOMBE FURNITURE STUDIO'S
2598,R DAVID ADAMS ASSOCIATES INC
2599,J B CONSTRUCTION
2600,HARRISON HOMES L L C
2601,FACKLER CONSTRUCTION
2602,R A SETTING CONST CO INC
2603,RELIABLE CNST PLMB HTG INC
2604,BELLEVUE MECHANICAL INC
2605,ROBERT DAVIS CONSTRUCTION
2606,"JUST CALL KIM ELECTRIC        , PREMIUM SIGN INC"
2607,ASAP HTG A/C & APPLIANCE LLC
2608,KELLER MECHANICAL & ENG INC
2609,MITCHELL BUILDING COMPANY
2610,PETER MILLS GEN CNTRG LLC
2611,"BREAKTHROUGH PLBG & REMDLNG, A"
2612,R/S CONST & EXCAVATION INC
2613,"DCLU WAIVE LICENSE CHECK, METROPOLITAN SEWER SERVICE LLC"
2614,"HOLMBERG COMPANY, SEATTLE SCHOOL DISTRICT (A&S)"
2615,SACKETT CONSTRUCTION INC
2616,CUSTOM HEATING INC
2617,MCQUAY SERVICE
2618,KIEWIT-MASSMAN A JOINT VENTURE
2619,L C SERVICES
2620,TWIN HARBORS INC
2621,GS MECHANICAL LLC
2622,BL BUILDING SERVICES LLC
2623,THYSSENKRUPP ACCESS CORP
2624,"BELLEVUE MECHANICAL, BELLEVUE MECHANICAL INC"
2625,R D CONSTRUCTION
2626,PACIFIC PILLAR CONSTRUCTION
2627,ROCK SOLID GENERAL CONST
2628,GO GREEN MECH & SOLAR LLC
2629,OLA'S CONSTRUCTION
2630,CREO INDUSTRIAL ARTS LLC
2631,"ABOVE ALL CONSTRUCTION INC, SPIRITRIDGE CONSTRUCTION INC"
2632,BRIKE EXCAVATING
2633,"AIR 1 HEATING, INC., PUGET SOUND FURNACE COMPANY"
2634,SKYWAY GENERAL CONTRACTORS INC
2635,EARTHTEC DESIGN INC
2636,PUGET SOUND DRYWALL INC
2637,MULTI-M CONTRACTING LLC
2638,THOMAS JACOBSON CONST INC
2639,TOP PACIFIC CONSTR CO INC
2640,"DWELL DEVELOPMENT, LLC, METROPOLITAN SEWER SERVICE LLC"
2641,OMEGA INDUSTRIAL CONTRS INC
2642,ACCLAIM SIGN & DISPLAY
2643,SUNSET SIGNS INC
2644,SHANNON & WILSON INC
2645,ALL PHASE PLUMBING INC
2646,VERTICAL TRNSPTN SERVICES INC
2647,"FARDIG DEVELOPMENT, INC"
2648,KASSEL & ASSOCIATES INC
2649,NORTH SEATTLE COMMUNITY COLLGE
2650,WH CONSTRUCTION HOME LLC
2651,MIDLAND MECHANICAL LLC
2652,PORT OF SEATTLE MARINE MAINT
2653,JUSTICE CONSTRUCTION LLC
2654,"BAYLEY CONSTRUCTION, SEATTLE SCHOOL DISTRICT (A&S)"
2655,HANDY'S HEATING INC
2656,PUGET SOUND FURNACE COMPANY
2657,KENMORE REMODEL & CONSTRUCTION
2658,CARLSON SIGN CO
2659,TURNSTONE CONSTRUCTION INC
2660,CLIMATE SYSTEMS LLC
2661,C A GOODMAN CO INC
2662,"ABSHER CONSTRUCTION CO, PRIME ELECTRIC INCORPORATED, SEATTLE SCHOOL DISTRICT (A&S)"
2663,"DC HEATING AND AIR CONDITIONIN, OCEAN PARK MECHANICAL INC"
2664,SUBCONTRACTORS COOPERATIVE
2665,SME INC OF SEATTLE
2666,MC SIGNS & BANNERS INC
2667,L Z L CONSTRUCTION INC
2668,"HANDY HELPERS LLC, SIGNS OF SEATTLE INC"
2669,ISLAND DOG SIGN COMPANY
2670,NATIONAL AIR TECHNOLOGIES
2671,W A BOTTING COMPANY
2672,SEATTLE SEWER SERVICES
2673,RESTAURANT INSTALLERS & MOVERS
2674,SCANA INVESTMENTS LLC
2675,BELFOR USA GROUP INC
2676,TAYLORED INSTALLATIONS
2677,"FANCY SIGN.COM, TOTAL SIGN SERVICE"
2678,N M T WOODWORKING
2679,SEATTLE COMMERCIAL SIGN
2680,DENSMORE WALLINGFORD LLC
2681,A K MEDIA NORTHWEST
2682,DWINELL'S VISUAL SYSTEMS INC
2683,"SEATTLE PARKS DEPT, SERVICE ELECTRIC COMPANY INC"
2684,D SQUARE ENERGY LLC
2685,NUXOLL CONSTRUCTION
2686,"DCLU WAIVE LICENSE CHECK, U OF W -FACILITIES ALTERATIONS, UNIVERSITY OF WASHINGTON"
2687,JORDAN PRESLEY
2688,PHILIP TOBIAS
2689,MITCHELL MECHANICAL INC
2690,P O P ELECTRIC INCORPORATED
2691,ELECTRO SERVE LLC
2692,CEC ELECTRICAL CONTRACTING
2693,BTU MECHANICAL LLC
2694,G&S CONSTRUCTION
2695,M DAVIS SON'S & ASSOCIATES INC
2696,QUALITY AIR CONTROL
2697,OVERLAKE HTG A/C & SHTMTL LLC
2698,BLOCK ELECTRIC SERVICES LLC
2699,SUNDANCER ELECTRIC INC
2700,DOVETAIL INC
2701,FREMONT METALS
2702,TORSET EXVTG (LYNNWOOD SEPTIC)
2703,TOTAL RESTAURANT
2704,GREENWOOD SERVICE EXPERTS
2705,NORTHWEST ELECTRIC & SOLAR LLC
2706,"TATNUCK VENTURES, LLC"
2707,VECA ELECTRIC COMPANY INC
2708,ACE HEATING INCORPORATED
2709,TOTAL ENGY MGT & HVAC SERV INC
2710,BRENT MCGRAW
2711,HIGHLINE ELECTRIC INC
2712,RICK HART HEATING
2713,"HOS BROS CONSTRUCTION INC, PNW HOMES LLC"
2714,PROVIDENCE ELECTRIC LLC
2715,FANCY SIGN.COM
2716,"KRIS BARNES, PREMIER DUCTLESS INC"
2717,"K & C CONSTRUCTION LLC, KC FACILITIES MGMT CPD, KING COUNTY FACILITIES MGMT"
2718,BRIAN HANSON
2719,COLE INDUSTRIAL INCORPORATED
2720,DAVE SHAW HEATING & SHEET MTL
2721,PROVIDENCE HEALTH & SERVICES
2722,DK SYSTEMS INC
2723,"AUBURN MECHANICAL, UNIVERSITY OF WASHINGTON"
2724,"DESIGN AIR LTD, UNIVERSITY OF WASHINGTON"
2725,"MACDONALD-MILLER SERVICE INC, UNICO PROPERTIES INCORPORATED"
2726,KEVIN LARSON HOMES
2727,S E S INCORPORATED
2728,INNOVATIVE COMFORT SYSTEMS
2729,ACES FOUR
2730,PEAK ELECTRIC INC
2731,PROGRESSIVE SYSTEMS INC
