id,feature_desc,child_desc_id,field_type_id
1,Play Area,,
2,View,,
3,Boat Launch (Hand Carry),,
4,Boat Launch (Motorized),,
5,Waterfront,,
6,Boat Launch (Hand Carry),,
7,Play Area (ADA Compliant),,
8,Paths,,
9,View,,
10,Boat Launch (Hand Carry),,
11,Waterfront,,
12,Play Area (ADA Compliant),,
13,Boat Launch (Hand Carry),,
14,Boat Launch (Hand Carry),,
15,Fire Pit,,
16,Paths,,
17,Paths (ADA Compliant),,
18,Picnic Sites,,
19,Rental Facility,,
20,Restrooms,,
21,Restrooms (ADA Compliant),,
22,View,,
23,Waterfront,,
24,Baseball/Softball,,
25,Basketball (Half),,
26,Fishing,,
27,Basketball (Half),,
28,Community Center,,
29,Pesticide Free,,
30,Play Area (ADA Compliant),,
31,Restrooms,,
32,Soccer,,
33,Tennis Court (Outdoor),,
34,Tennis Court (Outdoor),,
35,Tennis Lights,,
36,Paths,,
37,Tennis Court (Outdoor),,
38,Tennis Court (Outdoor),,
39,Tennis Court (Outdoor),,
40,Tennis Court (Outdoor),,
41,Tennis Court (Outdoor),,
42,Tennis Court (Outdoor),,
43,View,,
44,Waterfront,,
45,Green Space,,
46,Woods,,
47,Boat Launch (Motorized),,
48,Waterfront,,
49,Adult Fitness Equipment,,
50,Paths,,
51,Paths (ADA Compliant),,
52,Play Area (ADA Compliant),,
53,Baseball/Softball,,
54,Basketball (Full),,
55,Basketball (Half),,
56,Play Area (ADA Compliant),,
57,Soccer,,
58,View,,
59,Paths,,
60,Pesticide Free,,
61,Play Area (ADA Compliant),,
62,Skatepark,,
63,Wading Pool or Water Feature,,
64,Play Area (ADA Compliant),,
65,Baseball/Softball,,
66,Baseball/Softball,,
67,Community Center,,
68,Play Area (ADA Compliant),,
69,Pool (Indoor),,
70,Soccer,,
71,Baseball/Softball,,
72,Baseball/Softball,,
73,Baseball/Softball,,
74,Basketball (Half),,
75,Play Area (ADA Compliant),,
76,Restrooms,,
77,Soccer,,
78,View,,
79,Play Area (ADA Compliant),,
80,Baseball/Softball,,
81,Basketball (Half),,
82,Basketball (Half),,
83,Play Area (ADA Compliant),,
84,Restrooms,,
85,Restrooms (ADA Compliant),,
86,Soccer,,
87,Tennis Backboard (Outdoor),,
88,Tennis Court (Outdoor),,
89,Tennis Court (Outdoor),,
90,Wading Pool or Water Feature,,
91,Boat Launch (Hand Carry),,
92,Pesticide Free,,
93,Picnic Sites,,
94,Play Area (ADA Compliant),,
95,Restrooms,,
96,View,,
97,Waterfront,,
98,Paths,,
99,Paths (ADA Compliant),,
100,Historic Landmark,,
101,P-Patch Community Garden,,
102,View,,
103,Weddings and Ceremonies,,
104,Boat Launch (Hand Carry),,
105,Pesticide Free,,
106,View,,
107,Waterfront,,
108,Basketball (Full),,
109,Basketball (Half),,
110,Basketball (Half),,
111,Basketball (Half),,
112,Paths,,
113,Pesticide Free,,
114,Picnic Sites,,
115,Play Area (ADA Compliant),,
116,Skatepark,,
117,View,,
118,View,,
119,Play Area (ADA Compliant),,
120,View,,
121,Weddings and Ceremonies,,
122,Baseball/Softball,,
123,Baseball/Softball,,
124,Community Center,,
125,Play Area (ADA Compliant),,
126,Restrooms,,
127,Soccer,,
128,T-Ball,,
129,Tennis Court (Outdoor),,
130,Tennis Court (Outdoor),,
131,Tennis Court (Outdoor),,
132,Tennis Court (Outdoor),,
133,Tennis Lights,,
134,Wading Pool or Water Feature,,
135,Waterfront,,
136,Adult Fitness Equipment,,
137,Paths,,
138,Play Area (ADA Compliant),,
139,P-Patch Community Garden,,
140,Dog Off Leash Area,,
141,Paths,,
142,Weddings and Ceremonies,,
143,Woods,,
144,Community Building,,
145,Garden,,
146,Pesticide Free,,
147,Play Area (ADA Compliant),,
148,P-Patch Community Garden,,
149,Restrooms,,
150,Restrooms (ADA Compliant),,
151,View,,
152,Baseball/Softball,,
153,Baseball/Softball,,
154,Baseball/Softball,,
155,Basketball (Full),,
156,Basketball (Half),,
157,Basketball (Half),,
158,Play Area (ADA Compliant),,
159,Restrooms,,
160,Soccer,,
161,Tennis Court (Outdoor),,
162,Tennis Court (Outdoor),,
163,Basketball (Half),,
164,Basketball (Half),,
165,Play Area (ADA Compliant),,
166,Tennis Court (Outdoor),,
167,Tennis Court (Outdoor),,
168,Basketball (Half),,
169,Paths,,
170,Play Area (ADA Compliant),,
171,Restrooms,,
172,Restrooms (ADA Compliant),,
173,Bike Trail,,
174,Paths,,
175,Paths (ADA Compliant),,
176,Paths (ADA Compliant),,
177,View,,
178,Baseball/Softball,,
179,Baseball/Softball,,
180,Historic Landmark,,
181,Paths,,
182,Paths (ADA Compliant),,
183,Play Area (ADA Compliant),,
184,Rental Facility,,
185,Restrooms,,
186,Soccer,,
187,Tennis Court (Outdoor),,
188,Tennis Court (Outdoor),,
189,Tennis Lights,,
190,Wading Pool or Water Feature,,
191,Environmental Learning Center,,
192,Hiking Trails,,
193,Paths,,
194,Paths (ADA Compliant),,
195,Rental Facility,,
196,Restrooms,,
197,Restrooms (ADA Compliant),,
198,Weddings and Ceremonies,,
199,Woods,,
200,Boat Launch (Hand Carry),,
201,Creek,,
202,Environmental Learning Center,,
203,Hiking Trails,,
204,Paths,,
205,Picnic Sites,,
206,Picnic Sites,,
207,Picnic Sites,,
208,Picnic Sites (ADA Compliant),,
209,Play Area (ADA Compliant),,
210,Rental Facility,,
211,Restrooms,,
212,Restrooms (ADA Compliant),,
213,View,,
214,Waterfront,,
215,Weddings and Ceremonies,,
216,Woods,,
217,Basketball (Half),,
218,Play Area (ADA Compliant),,
219,P-Patch Community Garden,,
220,Restrooms,,
221,Restrooms (ADA Compliant),,
222,Paths,,
223,Paths (ADA Compliant),,
224,Play Area (ADA Compliant),,
225,Boat Launch (Hand Carry),,
226,View,,
227,Waterfront,,
228,View,,
229,Waterfront,,
230,Basketball (Half),,
231,Football,,
232,Soccer,,
233,Tennis Court (Outdoor),,
234,Tennis Court (Outdoor),,
235,Tennis Court (Outdoor),,
236,Play Area (ADA Compliant),,
237,Green Space,,
238,Green Space,,
239,Baseball/Softball,,
240,Paths,,
241,P-Patch Community Garden,,
242,Soccer,,
243,Waterfront,,
244,Weddings and Ceremonies,,
245,Woods,,
246,Basketball (Half),,
247,Basketball (Half),,
248,Play Area (ADA Compliant),,
249,Restrooms,,
250,Paths,,
251,View,,
252,Paths,,
253,Paths (ADA Compliant),,
254,Restrooms,,
255,Restrooms (ADA Compliant),,
256,View,,
257,Boat Launch (Hand Carry),,
258,View,,
259,Waterfront,,
260,Paths,,
261,Play Area (ADA Compliant),,
262,Baseball/Softball,,
263,Basketball (Full),,
264,Creek,,
265,Hiking Trails,,
266,Historic Landmark,,
267,Paths,,
268,Play Area (ADA Compliant),,
269,Rental Facility,,
270,Restrooms,,
271,Tennis Court (Outdoor),,
272,Tennis Court (Outdoor),,
273,Woods,,
274,Paths,,
275,Woods,,
276,Paths,,
277,Play Area (ADA Compliant),,
278,Skate Dot,,
279,Skatepark,,
280,T-Ball,,
281,U-8 Soccer,,
282,View,,
283,Baseball/Softball,,
284,Baseball/Softball,,
285,Baseball/Softball,,
286,Baseball/Softball,,
287,Basketball (Half),,
288,Play Area (ADA Compliant),,
289,Restrooms,,
290,Skatepark,,
291,Soccer,,
292,Soccer,,
293,Soccer,,
294,Wading Pool or Water Feature,,
295,Paths,,
296,Play Area (ADA Compliant),,
297,Restrooms,,
298,Tennis Backboard (Outdoor),,
299,Tennis Court (Outdoor),,
300,Tennis Court (Outdoor),,
301,Tennis Court (Outdoor),,
302,Track,,
303,Woods,,
304,Boat Launch (Hand Carry),,
305,Pesticide Free,,
306,View,,
307,Waterfront,,
308,Hiking Trails,,
309,Paths,,
310,Paths (ADA Compliant),,
311,Play Area (ADA Compliant),,
312,Tennis Court (Outdoor),,
313,Tennis Court (Outdoor),,
314,Woods,,
315,Baseball/Softball,,
316,Baseball/Softball,,
317,Basketball (Full),,
318,Community Center,,
319,Play Area (ADA Compliant),,
320,Restrooms,,
321,Restrooms (ADA Compliant),,
322,Skatepark,,
323,Soccer,,
324,Soccer,,
325,Tennis Court (Outdoor),,
326,Tennis Court (Outdoor),,
327,Wading Pool or Water Feature,,
328,Pesticide Free,,
329,View,,
330,Waterfront,,
331,Weddings and Ceremonies,,
332,Dog Off Leash Area,,
333,Paths,,
334,Paths (ADA Compliant),,
335,Play Area (ADA Compliant),,
336,Basketball (Full),,
337,Environmental Learning Center,,
338,Hiking Trails,,
339,Historic Landmark,,
340,Paths,,
341,Paths (ADA Compliant),,
342,Play Area (ADA Compliant),,
343,Play Area (ADA Compliant),,
344,Rental Facility,,
345,Restrooms,,
346,Restrooms (ADA Compliant),,
347,Tennis Court (Outdoor),,
348,Tennis Court (Outdoor),,
349,View,,
350,Waterfront,,
351,Weddings and Ceremonies,,
352,Woods,,
353,View,,
354,Boat Launch (Hand Carry),,
355,Boat Launch (Motorized),,
356,Paths,,
357,Picnic Sites,,
358,Restrooms,,
359,View,,
360,Waterfront,,
361,Weddings and Ceremonies,,
362,Community Center,,
363,Paths,,
364,Paths (ADA Compliant),,
365,Play Area (ADA Compliant),,
366,Restrooms,,
367,Dog Off Leash Area,,
368,Hiking Trails,,
369,Paths,,
370,Picnic Sites,,
371,Play Area (ADA Compliant),,
372,Play Area (ADA Compliant),,
373,Restrooms,,
374,View,,
375,Woods,,
376,Boat Launch (Hand Carry),,
377,View,,
378,Waterfront,,
379,Baseball/Softball,,
380,Baseball/Softball,,
381,Basketball (Half),,
382,Play Area (ADA Compliant),,
383,Play Area (ADA Compliant),,
384,Restrooms,,
385,Soccer,,
386,Wading Pool or Water Feature,,
387,Waterfront,,
388,View,,
389,Baseball/Softball,,
390,Basketball (Half),,
391,Play Area (ADA Compliant),,
392,Restrooms,,
393,Restrooms (ADA Compliant),,
394,Soccer,,
395,Wading Pool or Water Feature,,
396,View,,
397,Boat Launch (Hand Carry),,
398,Boat Launch (Motorized),,
399,Fishing,,
400,Waterfront,,
401,Play Area (ADA Compliant),,
402,View,,
403,Paths,,
404,View,,
405,Waterfront,,
406,Weddings and Ceremonies,,
407,Play Area (ADA Compliant),,
408,Baseball/Softball,,
409,Pesticide Free,,
410,Play Area (ADA Compliant),,
411,Restrooms,,
412,Soccer,,
413,Boat Launch (Hand Carry),,
414,Fishing,,
415,P-Patch Community Garden,,
416,View,,
417,Waterfront,,
418,Creek,,
419,Green Space,,
420,Hiking Trails,,
421,Paths,,
422,Woods,,
423,Boat Launch (Hand Carry),,
424,Picnic Sites,,
425,Play Area (ADA Compliant),,
426,Basketball (Half),,
427,Play Area (ADA Compliant),,
428,Decorative Fountain,,
429,Paths,,
430,Paths (ADA Compliant),,
431,Paths,,
432,Waterfront,,
433,Paths,,
434,View,,
435,Creek,,
436,Hiking Trails,,
437,Paths,,
438,Woods,,
439,Play Area (ADA Compliant),,
440,Tennis Court (Outdoor),,
441,Tennis Court (Outdoor),,
442,Baseball/Softball,,
443,Baseball/Softball,,
444,Baseball/Softball,,
445,Community Center,,
446,Football,,
447,Play Area (ADA Compliant),,
448,Pool (Indoor),,
449,Restrooms,,
450,Restrooms (ADA Compliant),,
451,Soccer,,
452,Tennis Court (Outdoor),,
453,Tennis Court (Outdoor),,
454,Tennis Court (Outdoor),,
455,Tennis Lights,,
456,Historic Landmark,,
457,Paths,,
458,Paths (ADA Compliant),,
459,Picnic Sites,,
460,Picnic Sites,,
461,Play Area,,
462,Restrooms,,
463,Restrooms (ADA Compliant),,
464,View,,
465,Waterfront,,
466,Weddings and Ceremonies,,
467,Dog Off Leash Area,,
468,Hiking Trails,,
469,Paths,,
470,Paths (ADA Compliant),,
471,Picnic Sites,,
472,Play Area (ADA Compliant),,
473,Restrooms,,
474,Restrooms (ADA Compliant),,
475,Soccer,,
476,Soccer,,
477,Basketball (Half),,
478,Basketball (Half),,
479,Play Area (ADA Compliant),,
480,Restrooms,,
481,Restrooms (ADA Compliant),,
482,Soccer,,
483,Tennis Court (Outdoor),,
484,Wading Pool or Water Feature,,
485,Baseball/Softball,,
486,Baseball/Softball,,
487,Basketball (Half),,
488,Basketball (Half),,
489,Play Area (ADA Compliant),,
490,Restrooms,,
491,Soccer,,
492,Tennis Court (Outdoor),,
493,Tennis Court (Outdoor),,
494,Wading Pool or Water Feature,,
495,Basketball (Half),,
496,Boat Launch (Hand Carry),,
497,Creek,,
498,Dog Off Leash Area,,
499,Fire Pit,,
500,Hiking Trails,,
501,Paths,,
502,Paths (ADA Compliant),,
503,Picnic Sites,,
504,Picnic Sites,,
505,Play Area (ADA Compliant),,
506,Rental Facility,,
507,Restrooms,,
508,Restrooms (ADA Compliant),,
509,View,,
510,Waterfront,,
511,Waterfront,,
512,Weddings and Ceremonies,,
513,Baseball/Softball,,
514,Baseball/Softball,,
515,Basketball (Full),,
516,Boat Launch (Hand Carry),,
517,Boat Launch (Hand Carry),,
518,Boat Launch (Hand Carry),,
519,Boat Launch (Hand Carry),,
520,Community Center,,
521,Fishing,,
522,Fishing,,
523,Fishing,,
524,Golf,,
525,Guarded Beach,,
526,Paths,,
527,Paths (ADA Compliant),,
528,Play Area (ADA Compliant),,
529,Pool (Indoor),,
530,Rental Facility,,
531,Restrooms,,
532,Restrooms (ADA Compliant),,
533,Soccer,,
534,Tennis Court (Outdoor),,
535,Tennis Court (Outdoor),,
536,Tennis Court (Outdoor),,
537,Tennis Court (Outdoor),,
538,Tennis Court (Outdoor),,
539,Wading Pool or Water Feature,,
540,Waterfront,,
541,Woods,,
542,Paths,,
543,Play Area (ADA Compliant),,
544,Paths,,
545,Paths (ADA Compliant),,
546,View,,
547,Weddings and Ceremonies,,
548,Woods,,
549,Green Space,,
550,Woods,,
551,Paths,,
552,View,,
553,Baseball/Softball,,
554,Basketball (Half),,
555,Community Center,,
556,Historic Landmark,,
557,Paths,,
558,Paths (ADA Compliant),,
559,Play Area (ADA Compliant),,
560,Restrooms,,
561,Restrooms (ADA Compliant),,
562,Soccer,,
563,Tennis Backboard (Outdoor),,
564,Tennis Court (Outdoor),,
565,Tennis Court (Outdoor),,
566,Tennis Court (Outdoor),,
567,Tennis Lights,,
568,Track,,
569,Wading Pool or Water Feature,,
570,Baseball/Softball,,
571,Baseball/Softball,,
572,Play Area (ADA Compliant),,
573,Restrooms,,
574,Soccer,,
575,T-Ball,,
576,Tennis Court (Outdoor),,
577,Wading Pool or Water Feature,,
578,Restrooms,,
579,Restrooms (ADA Compliant),,
580,Hiking Trails,,
581,Paths,,
582,Paths,,
583,Play Area (ADA Compliant),,
584,View,,
585,View,,
586,View,,
587,Waterfront,,
588,Adult Fitness Equipment,,
589,Skatespot,,
590,Baseball/Softball,,
591,Baseball/Softball,,
592,Basketball (Full),,
593,Play Area (ADA Compliant),,
594,Restrooms,,
595,Restrooms (ADA Compliant),,
596,Rugby,,
597,Soccer,,
598,Tennis Court (Outdoor),,
599,Tennis Court (Outdoor),,
600,Bike Trail,,
601,Dog Off Leash Area,,
602,Paths,,
603,View,,
604,Baseball/Softball,,
605,Baseball/Softball,,
606,Baseball/Softball,,
607,Restrooms,,
608,Restrooms (ADA Compliant),,
609,Soccer,,
610,Soccer,,
611,T-Ball,,
612,Golf,,
613,Bike Trail,,
614,Hiking Trails,,
615,Paths,,
616,Woods,,
617,Play Area (ADA Compliant),,
618,Golf,,
619,P-Patch Community Garden,,
620,Garden,,
621,Baseball/Softball,,
622,Basketball (Full),,
623,Community Center,,
624,Cricket,,
625,Lawn Bowling,,
626,Paths,,
627,Picnic Sites,,
628,Play Area (ADA Compliant),,
629,Rental Facility,,
630,Skatepark,,
631,Soccer,,
632,Tennis Court (Outdoor),,
633,Tennis Court (Outdoor),,
634,Tennis Court (Outdoor),,
635,Tennis Court (Outdoor),,
636,Tennis Lights,,
637,View,,
638,Wading Pool or Water Feature,,
639,Weddings and Ceremonies,,
640,Golf,,
641,Adult Fitness Equipment,,
642,Basketball (Full),,
643,Basketball (Full),,
644,Basketball (Half),,
645,Basketball (Half),,
646,Paths,,
647,Picnic Sites,,
648,Play Area (ADA Compliant),,
649,Restrooms,,
650,Wading Pool or Water Feature,,
651,Baseball/Softball,,
652,Baseball/Softball,,
653,Basketball (Full),,
654,Basketball (Full),,
655,Bike Polo,,
656,Decorative Fountain,,
657,Football,,
658,Paths,,
659,Paths (ADA Compliant),,
660,Picnic Sites,,
661,Play Area (ADA Compliant),,
662,Restrooms,,
663,Skatespot,,
664,Soccer,,
665,Soccer,,
666,Wading Pool or Water Feature,,
667,Garden,,
668,Paths,,
669,Basketball (Half),,
670,Play Area,,
671,View,,
672,Weddings and Ceremonies,,
673,Dog Off Leash Area,,
674,Hiking Trails,,
675,Historic Landmark,,
676,Paths,,
677,Play Area,,
678,Restrooms,,
679,Tennis Court (Outdoor),,
680,Tennis Court (Outdoor),,
681,View,,
682,Weddings and Ceremonies,,
683,Woods,,
684,Play Area (ADA Compliant),,
685,P-Patch Community Garden,,
686,Green Space,,
687,View,,
688,Woods,,
689,Woods,,
690,Paths,,
691,Paths (ADA Compliant),,
692,Garden,,
693,Historic Landmark,,
694,Paths,,
695,Weddings and Ceremonies,,
696,Pesticide Free,,
697,Hiking Trails,,
698,Paths,,
699,View,,
700,Boat Launch (Hand Carry),,
701,Model Boat Pond,,
702,Paths,,
703,Pesticide Free,,
704,Rental Facility,,
705,View,,
706,Wading Pool or Water Feature,,
707,Waterfront,,
708,Bike Trail,,
709,Fishing,,
710,Fishing,,
711,Fishing,,
712,Historic Landmark,,
713,Waterfront,,
714,Creek,,
715,Green Space,,
716,Hiking Trails,,
717,Play Area,,
718,Woods,,
719,Baseball/Softball,,
720,Basketball (Full),,
721,Restrooms,,
722,Restrooms (ADA Compliant),,
723,View,,
724,Boat Launch (Hand Carry),,
725,Boat Moorage,,
726,Waterfront,,
727,Baseball/Softball,,
728,Pesticide Free,,
729,Play Area,,
730,Restrooms,,
731,Soccer,,
732,Baseball/Softball,,
733,Baseball/Softball,,
734,Community Center,,
735,Play Area (ADA Compliant),,
736,Soccer,,
737,Tennis Backboard (Outdoor),,
738,Tennis Court (Outdoor),,
739,Tennis Court (Outdoor),,
740,Tennis Court (Outdoor),,
741,Tennis Court (Outdoor),,
742,Tennis Lights,,
743,Baseball/Softball,,
744,Hiking Trails,,
745,Play Area,,
746,Soccer,,
747,Woods,,
748,Boat Launch (Hand Carry),,
749,Boat Launch (Hand Carry),,
750,Boat Moorage,,
751,Paths,,
752,Play Area,,
753,Restrooms,,
754,Tennis Court (Outdoor),,
755,View,,
756,Woods,,
757,Green Space,,
758,Hiking Trails,,
759,Hiking Trails,,
760,Paths,,
761,Play Area (ADA Compliant),,
762,Restrooms,,
763,Weddings and Ceremonies,,
764,Woods,,
765,Baseball/Softball,,
766,Baseball/Softball,,
767,Baseball/Softball,,
768,Boat Launch (Hand Carry),,
769,Hiking Trails,,
770,Horseshoe Pits,,
771,Paths,,
772,Picnic Sites,,
773,Picnic Sites,,
774,Picnic Sites,,
775,Picnic Sites,,
776,Picnic Sites,,
777,Play Area (ADA Compliant),,
778,Pool (Outdoor),,
779,P-Patch Community Garden,,
780,Restrooms,,
781,Restrooms (ADA Compliant),,
782,Soccer,,
783,View,,
784,Wading Pool or Water Feature,,
785,Woods,,
786,Play Area,,
787,P-Patch Community Garden,,
788,Creek,,
789,Play Area (ADA Compliant),,
790,Restrooms,,
791,Green Space,,
792,Woods,,
793,Boat Launch (Hand Carry),,
794,Play Area,,
795,Tennis Court (Outdoor),,
796,View,,
797,Waterfront,,
798,Baseball/Softball,,
799,Baseball/Softball,,
800,Basketball (Half),,
801,Community Center,,
802,Football,,
803,Play Area (ADA Compliant),,
804,Restrooms,,
805,View,,
806,Paths,,
807,View,,
808,Guarded Beach,,
809,Play Area (ADA Compliant),,
810,Rental Facility,,
811,Tennis Court (Outdoor),,
812,Tennis Court (Outdoor),,
813,Tennis Lights,,
814,View,,
815,Waterfront,,
816,Weddings and Ceremonies,,
817,Play Area,,
818,View,,
819,Waterfront,,
820,Paths,,
821,Creek,,
822,Guarded Beach,,
823,Hiking Trails,,
824,Paths,,
825,Picnic Sites,,
826,Play Area,,
827,Restrooms,,
828,View,,
829,Waterfront,,
830,Weddings and Ceremonies,,
831,Woods,,
832,Baseball/Softball,,
833,Basketball (Full),,
834,Basketball (Half),,
835,Play Area (ADA Compliant),,
836,Rental Facility,,
837,Restrooms,,
838,Soccer,,
839,Tennis Court (Outdoor),,
840,Tennis Court (Outdoor),,
841,Tennis Lights,,
842,Green Space,,
843,Woods,,
844,Dog Off Leash Area,,
845,Community Center,,
846,Paths,,
847,Picnic Sites,,
848,Play Area (ADA Compliant),,
849,Restrooms,,
850,Tennis Court (Outdoor),,
851,Tennis Court (Outdoor),,
852,Tennis Court (Outdoor),,
853,Tennis Court (Outdoor),,
854,View,,
855,Waterfront,,
856,Weddings and Ceremonies,,
857,Woods,,
858,Baseball/Softball,,
859,Baseball/Softball,,
860,Baseball/Softball,,
861,Baseball/Softball,,
862,Baseball/Softball,,
863,Play Area (ADA Compliant),,
864,Pool (Outdoor),,
865,Restrooms,,
866,Restrooms (ADA Compliant),,
867,Soccer,,
868,Soccer,,
869,Soccer,,
870,Soccer,,
871,T-Ball,,
872,Tennis Court (Outdoor),,
873,Tennis Court (Outdoor),,
874,Pesticide Free,,
875,P-Patch Community Garden,,
876,Baseball/Softball,,
877,Basketball (Half),,
878,Paths (ADA Compliant),,
879,Pickleball Court,,
880,Play Area,,
881,Restrooms,,
882,Restrooms (ADA Compliant),,
883,Soccer,,
884,Zipline,,
885,Green Space,,
886,Woods,,
887,Baseball/Softball,,
888,Baseball/Softball,,
889,Basketball (Half),,
890,Paths,,
891,Paths (ADA Compliant),,
892,Play Area (ADA Compliant),,
893,Restrooms,,
894,Restrooms (ADA Compliant),,
895,Soccer,,
896,P-Patch Community Garden,,
897,View,,
898,Boat Launch (Hand Carry),,
899,Hiking Trails,,
900,Paths,,
901,View,,
902,Waterfront,,
903,Paths,,
904,View,,
905,Boat Launch (Hand Carry),,
906,Creek,,
907,Guarded Beach,,
908,Hiking Trails,,
909,Paths,,
910,Picnic Sites,,
911,Play Area (ADA Compliant),,
912,Restrooms,,
913,Restrooms (ADA Compliant),,
914,View,,
915,Waterfront,,
916,Pesticide Free,,
917,Play Area (ADA Compliant),,
918,View,,
919,Baseball/Softball,,
920,Baseball/Softball,,
921,Baseball/Softball,,
922,Community Center,,
923,Creek,,
924,Paths,,
925,Play Area (ADA Compliant),,
926,Pool (Indoor),,
927,Restrooms,,
928,Restrooms (ADA Compliant),,
929,Tennis Court (Outdoor),,
930,Tennis Court (Outdoor),,
931,Tennis Court (Outdoor),,
932,Tennis Court (Outdoor),,
933,Tennis Court (Outdoor),,
934,Tennis Court (Outdoor),,
935,Tennis Lights,,
936,Green Space,,
937,Woods,,
938,Paths,,
939,Picnic Sites,,
940,Woods,,
941,Basketball (Half),,
942,Basketball (Half),,
943,Pesticide Free,,
944,Picnic Sites,,
945,Play Area,,
946,Restrooms,,
947,Weddings and Ceremonies,,
948,Baseball/Softball,,
949,Baseball/Softball,,
950,Basketball (Full),,
951,Community Center,,
952,Decorative Fountain,,
953,Play Area (ADA Compliant),,
954,Restrooms,,
955,Soccer,,
956,Tennis Court (Outdoor),,
957,Tennis Court (Outdoor),,
958,Tennis Lights,,
959,Wading Pool or Water Feature,,
960,Disc Golf,,
961,Paths,,
962,Green Space,,
963,Baseball/Softball,,
964,Community Center,,
965,Football,,
966,Paths,,
967,Paths (ADA Compliant),,
968,Play Area,,
969,Restrooms,,
970,Restrooms (ADA Compliant),,
971,Soccer,,
972,Tennis Court (Outdoor),,
973,Tennis Court (Outdoor),,
974,Track,,
975,View,,
976,Waterfront,,
977,Creek,,
978,Fishing,,
979,Guarded Beach,,
980,Hiking Trails,,
981,Paths,,
982,Play Area (ADA Compliant),,
983,Restrooms,,
984,Restrooms (ADA Compliant),,
985,Tennis Court (Outdoor),,
986,Tennis Court (Outdoor),,
987,Tennis Lights,,
988,View,,
989,Waterfront,,
990,Weddings and Ceremonies,,
991,Woods,,
992,View,,
993,View,,
994,Bike Trail,,
995,Paths,,
996,Paths (ADA Compliant),,
997,View,,
998,Waterfront,,
999,Play Area (ADA Compliant),,
1000,Paths,,
1001,Creek,,
1002,Green Space,,
1003,Woods,,
1004,View,,
1005,Waterfront,,
1006,Baseball/Softball,,
1007,Baseball/Softball,,
1008,Dog Off Leash Area,,
1009,Hiking Trails,,
1010,Paths,,
1011,Picnic Sites,,
1012,Play Area (ADA Compliant),,
1013,Restrooms,,
1014,Restrooms (ADA Compliant),,
1015,Soccer,,
1016,Wading Pool or Water Feature,,
1017,Woods,,
1018,Green Space,,
1019,Hiking Trails,,
1020,Woods,,
1021,Pesticide Free,,
1022,Play Area (ADA Compliant),,
1023,View,,
1024,Waterfront,,
1025,View,,
1026,Tennis Court (Outdoor),,
1027,Tennis Court (Outdoor),,
1028,Tennis Court (Outdoor),,
1029,Decorative Fountain,,
1030,Paths,,
1031,Restrooms,,
1032,Tidelands,,
1033,Waterfront,,
1034,Green Space,,
1035,Basketball (Full),,
1036,Basketball (Full),,
1037,Basketball (Half),,
1038,Basketball (Half),,
1039,Paths,,
1040,Picnic Sites,,
1041,Play Area (ADA Compliant),,
1042,Restrooms,,
1043,Restrooms (ADA Compliant),,
1044,Play Area,,
1045,P-Patch Community Garden,,
1046,Garden,,
1047,Historic Landmark,,
1048,Weddings and Ceremonies,,
1049,View,,
1050,Green Space,,
1051,Play Area (ADA Compliant),,
1052,Restrooms,,
1053,Restrooms (ADA Compliant),,
1054,Wading Pool or Water Feature,,
1055,View,,
1056,Green Space,,
1057,Hiking Trails,,
1058,Woods,,
1059,Baseball/Softball,,
1060,Basketball (Half),,
1061,Play Area (ADA Compliant),,
1062,Restrooms,,
1063,Soccer,,
1064,Soccer,,
1065,Decorative Fountain,,
1066,Historic Landmark,,
1067,Green Space,,
1068,Play Area (ADA Compliant),,
1069,Dog Off Leash Area,,
1070,View,,
1071,Basketball (Full),,
1072,Play Area (ADA Compliant),,
1073,Restrooms,,
1074,Restrooms (ADA Compliant),,
1075,Wading Pool or Water Feature,,
1076,Basketball (Full),,
1077,Basketball (Half),,
1078,Basketball (Half),,
1079,Basketball (Half),,
1080,Basketball (Half),,
1081,Decorative Fountain,,
1082,Paths,,
1083,Paths (ADA Compliant),,
1084,Picnic Sites,,
1085,Play Area (ADA Compliant),,
1086,Restrooms,,
1087,Restrooms (ADA Compliant),,
1088,Wading Pool or Water Feature,,
1089,Decorative Fountain,,
1090,Basketball (Half),,
1091,Play Area,,
1092,Guarded Beach,,
1093,Paths,,
1094,Rental Facility,,
1095,Restrooms,,
1096,Restrooms (ADA Compliant),,
1097,View,,
1098,Waterfront,,
1099,Weddings and Ceremonies,,
1100,Lawn Bowling,,
1101,P-Patch Community Garden,,
1102,Woods,,
1103,Green Space,,
1104,Creek,,
1105,Hiking Trails,,
1106,Woods,,
1107,Play Area (ADA Compliant),,
1108,Historic Landmark,,
1109,Restrooms,,
1110,Soccer,,
1111,Track,,
1112,Paths,,
1113,View,,
1114,Baseball/Softball,,
1115,Baseball/Softball,,
1116,Community Center,,
1117,Play Area (ADA Compliant),,
1118,Pool (Indoor),,
1119,Restrooms,,
1120,Green Space,,
1121,Restrooms (ADA Compliant),,
1122,Soccer,,
1123,Tennis Court (Outdoor),,
1124,Tennis Court (Outdoor),,
1125,Tennis Court (Outdoor),,
1126,Tennis Court (Outdoor),,
1127,Tennis Lights,,
1128,Baseball/Softball,,
1129,Baseball/Softball,,
1130,Baseball/Softball,,
1131,Basketball (Full),,
1132,Community Center,,
1133,Football,,
1134,Play Area (ADA Compliant),,
1135,Tennis Court (Outdoor),,
1136,Tennis Court (Outdoor),,
1137,Tennis Court (Outdoor),,
1138,Tennis Court (Outdoor),,
1139,Tennis Lights,,
1140,Baseball/Softball,,
1141,Creek,,
1142,Hiking Trails,,
1143,Paths,,
1144,Picnic Sites,,
1145,Play Area (ADA Compliant),,
1146,Restrooms,,
1147,Restrooms (ADA Compliant),,
1148,Soccer,,
1149,Tennis Backboard (Outdoor),,
1150,Tennis Court (Outdoor),,
1151,Tennis Court (Outdoor),,
1152,Wading Pool or Water Feature,,
1153,Woods,,
1154,Green Space,,
1155,Basketball (Full),,
1156,Community Center,,
1157,Play Area (ADA Compliant),,
1158,Tennis Court (Outdoor),,
1159,Dog Off Leash Area,,
1160,Pesticide Free,,
1161,Baseball/Softball,,
1162,Baseball/Softball,,
1163,Baseball/Softball,,
1164,Baseball/Softball,,
1165,Basketball (Full),,
1166,Play Area,,
1167,Restrooms,,
1168,Soccer,,
1169,Soccer,,
1170,Tennis Court (Outdoor),,
1171,Tennis Court (Outdoor),,
1172,Woods,,
1173,Basketball (Half),,
1174,Play Area (ADA Compliant),,
1175,View,,
1176,Baseball/Softball,,
1177,Play Area (ADA Compliant),,
1178,Restrooms,,
1179,Restrooms (ADA Compliant),,
1180,Soccer,,
1181,Baseball/Softball,,
1182,Basketball (Half),,
1183,Play Area (ADA Compliant),,
1184,Rental Facility,,
1185,Restrooms,,
1186,T-Ball,,
1187,View,,
1188,Weddings and Ceremonies,,
1189,Baseball/Softball,,
1190,Baseball/Softball,,
1191,Picnic Sites,,
1192,Play Area (ADA Compliant),,
1193,Restrooms,,
1194,Skatepark,,
1195,Soccer,,
1196,Play Area,,
1197,Play Area (ADA Compliant),,
1198,Restrooms,,
1199,Play Area (ADA Compliant),,
1200,Restrooms,,
1201,Restrooms (ADA Compliant),,
1202,Soccer,,
1203,Tennis Court (Outdoor),,
1204,Tennis Court (Outdoor),,
1205,View,,
1206,Basketball (Full),,
1207,Play Area (ADA Compliant),,
1208,Restrooms,,
1209,Restrooms (ADA Compliant),,
1210,Wading Pool or Water Feature,,
1211,Creek,,
1212,Hiking Trails,,
1213,Paths,,
1214,Woods,,
1215,Boat Launch (Hand Carry),,
1216,Boat Launch (Hand Carry),,
1217,Boat Launch (Hand Carry),,
1218,Fishing,,
1219,Marination Ma Kai,,
1220,Scuba Diving,,
1221,View,,
1222,Waterfront,,
1223,Green Space,,
1224,NO Beach Access,,
1225,View,,
1226,Woods,,
1227,Boat Launch (Hand Carry),,
1228,Boat Launch (Hand Carry),,
1229,Environmental Learning Center,,
1230,Guarded Beach,,
1231,Hiking Trails,,
1232,Paths,,
1233,Paths (ADA Compliant),,
1234,Picnic Sites,,
1235,Picnic Sites,,
1236,Picnic Sites,,
1237,Picnic Sites,,
1238,Picnic Sites,,
1239,Play Area (ADA Compliant),,
1240,Restrooms,,
1241,Restrooms (ADA Compliant),,
1242,Tennis Court (Outdoor),,
1243,Tennis Court (Outdoor),,
1244,View,,
1245,Waterfront,,
1246,Weddings and Ceremonies,,
1247,Woods,,
1248,View,,
1249,Waterfront,,
1250,Paths,,
1251,P-Patch Community Garden,,
1252,Tennis Backboard (Outdoor),,
1253,Tennis Court (Outdoor),,
1254,Tennis Court (Outdoor),,
1255,Tennis Court (Outdoor),,
1256,Tennis Court (Outdoor),,
1257,Tennis Court (Outdoor),,
1258,Tennis Court (Outdoor),,
1259,Tennis Lights,,
1260,Baseball/Softball,,
1261,Baseball/Softball,,
1262,Baseball/Softball,,
1263,Baseball/Softball,,
1264,Football,,
1265,Play Area (ADA Compliant),,
1266,Restrooms,,
1267,Rugby,,
1268,Soccer,,
1269,Soccer,,
1270,Tennis Court (Outdoor),,
1271,Tennis Court (Outdoor),,
1272,View,,
1273,Wading Pool or Water Feature,,
1274,Play Area (ADA Compliant),,
1275,Baseball/Softball,,
1276,Baseball/Softball,,
1277,Community Center,,
1278,Play Area,,
1279,Soccer,,
1280,Tennis Court (Outdoor),,
1281,Wading Pool or Water Feature,,
1282,Boat Launch (Hand Carry),,
1283,View,,
1284,Waterfront,,
1285,Play Area (ADA Compliant),,
1286,Play Area (ADA Compliant),,
1287,Creek,,
1288,Green Space,,
1289,Woods,,
1290,Boat Launch (Hand Carry),,
1291,Boat Launch (Hand Carry),,
1292,Boat Launch (Motorized),,
1293,Fishing,,
1294,Paths,,
1295,Paths (ADA Compliant),,
1296,Waterfront,,
1297,Paths,,
1298,Paths (ADA Compliant),,
1299,View,,
1300,Boat Launch (Hand Carry),,
1301,Boat Launch (Motorized),,
1302,View,,
1303,View,,
1304,Weddings and Ceremonies,,
1305,Green Space,,
1306,Woods,,
1307,Paths,,
1308,Pesticide Free,,
1309,Play Area (ADA Compliant),,
1310,Boat Launch (Hand Carry),,
1311,Fishing,,
1312,View,,
1313,Waterfront,,
1314,Waterfront,,
1315,Creek,,
1316,Green Space,,
1317,Woods,,
1318,Paths,,
1319,P-Patch Community Garden,,
1320,Decorative Fountain,,
1321,Historic Landmark,,
1322,Play Area,,
1323,P-Patch Community Garden,,
1324,View,,
1325,Adult Fitness Equipment,,
1326,Baseball/Softball,,
1327,Pesticide Free,,
1328,Play Area (ADA Compliant),,
1329,Restrooms,,
1330,Soccer,,
1331,Tennis Backboard (Outdoor),,
1332,Tennis Court (Outdoor),,
1333,Tennis Court (Outdoor),,
1334,View,,
1335,Baseball/Softball,,
1336,Baseball/Softball,,
1337,Basketball (Full),,
1338,Community Center,,
1339,Play Area (ADA Compliant),,
1340,Restrooms,,
1341,Soccer,,
1342,Wading Pool or Water Feature,,
1343,Restrooms,,
1344,View,,
1345,Creek,,
1346,Play Area,,
1347,Woods,,
1348,Basketball (Half),,
1349,Play Area,,
1350,Tennis Court (Outdoor),,
1351,Baseball/Softball,,
1352,Baseball/Softball,,
1353,Basketball (Half),,
1354,Paths,,
1355,Paths (ADA Compliant),,
1356,Play Area (ADA Compliant),,
1357,Restrooms,,
1358,Soccer,,
1359,Wading Pool or Water Feature,,
1360,Woods,,
1361,Play Area,,
1362,Historic Landmark,,
1363,Paths,,
1364,Play Area (ADA Compliant),,
1365,Restrooms,,
1366,Restrooms (ADA Compliant),,
1367,Tennis Backboard (Outdoor),,
1368,Tennis Court (Outdoor),,
1369,Tennis Court (Outdoor),,
1370,Tennis Court (Outdoor),,
1371,Tennis Court (Outdoor),,
1372,Tennis Lights,,
1373,Wading Pool or Water Feature,,
1374,Garden,,
1375,Weddings and Ceremonies,,
1376,Paths,,
1377,Play Area (ADA Compliant),,
1378,Restrooms,,
1379,Restrooms (ADA Compliant),,
1380,Soccer,,
1381,T-Ball,,
1382,Tennis Court (Outdoor),,
1383,Tennis Court (Outdoor),,
1384,Wading Pool or Water Feature,,
1385,Baseball/Softball,,
1386,Baseball/Softball,,
1387,Community Center,,
1388,Flag Football,,
1389,Flag Football,,
1390,Play Area (ADA Compliant),,
1391,Restrooms,,
1392,Restrooms (ADA Compliant),,
1393,Soccer,,
1394,Tennis Court (Outdoor),,
1395,Tennis Court (Outdoor),,
1396,Paths,,
1397,Play Area (ADA Compliant),,
1398,Rental Facility,,
1399,View,,
1400,Baseball/Softball,,
1401,Baseball/Softball,,
1402,Baseball/Softball,,
1403,Bike Trail,,
1404,Boat Launch (Hand Carry),,
1405,Boat Launch (Hand Carry),,
1406,Boat Launch (Hand Carry),,
1407,Boat Launch (Hand Carry),,
1408,Boat Launch (Motorized),,
1409,Community Center,,
1410,Cricket,,
1411,Cricket,,
1412,Cricket,,
1413,Cricket,,
1414,Dog Off Leash Area,,
1415,Guarded Beach,,
1416,Hiking Trails,,
1417,Lacrosse,,
1418,Lacrosse,,
1419,Lacrosse,,
1420,Lacrosse,,
1421,Paths,,
1422,Paths (ADA Compliant),,
1423,Picnic Sites,,
1424,Picnic Sites,,
1425,Picnic Sites,,
1426,Picnic Sites,,
1427,Play Area (ADA Compliant),,
1428,P-Patch Community Garden,,
1429,Rental Facility,,
1430,Restrooms,,
1431,Restrooms (ADA Compliant),,
1432,Rugby,,
1433,Soccer,,
1434,Soccer,,
1435,Soccer,,
1436,Soccer,,
1437,Soccer,,
1438,Soccer,,
1439,Tennis Court (Outdoor),,
1440,Tennis Court (Outdoor),,
1441,Tennis Court (Outdoor),,
1442,Tennis Court (Outdoor),,
1443,Tennis Court (Outdoor),,
1444,Tennis Court (Outdoor),,
1445,Ultimate,,
1446,Ultimate,,
1447,Ultimate,,
1448,Ultimate,,
1449,Ultimate,,
1450,Ultimate,,
1451,View,,
1452,Wading Pool or Water Feature,,
1453,Waterfront,,
1454,Boat Launch (Hand Carry),,
1455,Creek,,
1456,Fishing,,
1457,Fishing,,
1458,Garden,,
1459,Hiking Trails,,
1460,Paths,,
1461,Play Area,,
1462,Restrooms,,
1463,View,,
1464,Waterfront,,
1465,Weddings and Ceremonies,,
1466,Woods,,
1467,Baseball/Softball,,
1468,Baseball/Softball,,
1469,Soccer,,
1470,Historic Landmark,,
1471,View,,
1472,Waterfront,,
1473,Fishing,,
1474,View,,
1475,Waterfront,,
1476,View,,
1477,Waterfront,,
1478,Pesticide Free,,
1479,Play Area (ADA Compliant),,
1480,Paths,,
1481,View,,
1482,Waterfront,,
1483,Pesticide Free,,
1484,View,,
1485,Waterfront,,
1486,Baseball/Softball,,
1487,Baseball/Softball,,
1488,Baseball/Softball,,
1489,Community Center,,
1490,Play Area (ADA Compliant),,
1491,Pool (Indoor),,
1492,Soccer,,
1493,Golf,,
1494,Restrooms,,
1495,Weddings and Ceremonies,,
1496,Football,,
1497,Restrooms,,
1498,Restrooms (ADA Compliant),,
1499,Dog Off Leash Area,,
1500,Hiking Trails,,
1501,Paths,,
1502,Picnic Sites,,
1503,Play Area (ADA Compliant),,
1504,Restrooms,,
1505,Woods,,
1506,Green Space,,
1507,Decorative Fountain,,
1508,Play Area,,
1509,Green Space,,
1510,Baseball/Softball,,
1511,Baseball/Softball,,
1512,Baseball/Softball,,
1513,Baseball/Softball,,
1514,Baseball/Softball,,
1515,BMX Dirt Jumps,,
1516,Decorative Fountain,,
1517,Dog Off Leash Area,,
1518,Horseshoe Pits,,
1519,Lawn Bowling,,
1520,Paths,,
1521,Picnic Sites,,
1522,Picnic Sites,,
1523,Picnic Sites,,
1524,Picnic Sites,,
1525,Picnic Sites,,
1526,Picnic Sites,,
1527,Picnic Sites,,
1528,Play Area (ADA Compliant),,
1529,Rental Facility,,
1530,Restrooms,,
1531,Restrooms (ADA Compliant),,
1532,Skatepark,,
1533,Soccer,,
1534,Soccer,,
1535,Tennis Court (Outdoor),,
1536,Tennis Court (Outdoor),,
1537,Tennis Court (Outdoor),,
1538,Tennis Court (Outdoor),,
1539,Tennis Court (Outdoor),,
1540,Tennis Court (Outdoor),,
1541,Tennis Court (Outdoor),,
1542,Tennis Court (Outdoor),,
1543,Tennis Court (Outdoor),,
1544,Tennis Court (Outdoor),,
1545,Tennis Court (Outdoor),,
1546,Tennis Court (Outdoor),,
1547,Tennis Court (Outdoor),,
1548,Tennis Court (Outdoor),,
1549,Tennis Lights,,
1550,Track,,
1551,Woods,,
1552,Garden,,
1553,Weddings and Ceremonies,,
1554,Garden,,
1555,Baseball/Softball,,
1556,Play Area (ADA Compliant),,
1557,Paths,,
1558,Paths (ADA Compliant),,
