OBJECTID,BUSLIC_LOCATION_ID,DEA_FACILITY_ADDRESS,DEA_STALLS,FAC_NAME,Communication_id,Webname_id,Hours_id,Rate_id,Type_id
4834,513317,"801 E THOMAS ST, SEATTLE, WA   98102",27,,1,1,1,1,1
4835,646189,"200 TAYLOR AV N, SEATTLE, WA   98109",102,,2,2,2,2,2
4836,633166,"120 WESTLAKE AV N, SEATTLE, WA   98109",19,Rollin Street,3,3,3,3,3
4837,533688,"1000 OCCIDENTAL AV S, SEATTLE, WA   98104",2050,Stadium Exhibition Center Garage,4,4,4,4,4
4838,609170,"1018 E SENECA ST, SEATTLE, WA   98122",19,,5,5,5,5,5
4839,17646,"214 5TH AV S, SEATTLE, WA   98104",36,Merchants Parking,6,6,6,6,6
4840,644072,"809 OLIVE WY, SEATTLE, WA   98101",44,,7,7,7,7,7
4841,12214,"200 2ND AV N, SEATTLE, WA   98109",169,,8,8,8,8,8
4842,645767,"901 8TH AV, SEATTLE, WA   98104",8,,9,9,9,9,9
4843,645733,"901 DEXTER AV N, SEATTLE, WA   98109",43,,10,10,10,10,10
4844,595104,"1416 2ND AV, SEATTLE, WA   98101",53,,11,11,11,11,11
4845,646190,"910 8TH AV, SEATTLE, WA 98104",210,,12,12,12,12,12
4846,17652,"624 S DEARBORN ST, SEATTLE, WA   98104",10,,13,13,13,13,13
4847,625102,"401 QUEEN ANNE AV N, SEATTLE, WA   98109",27,,14,14,14,14,14
4848,530468,"1918 3RD AV, SEATTLE, WA   98101",312,,15,15,15,15,15
5121,564866,"1730 MINOR AV, SEATTLE, WA   98101",287,,16,16,16,16,16
5122,618375,"999 3RD AV, SEATTLE, WA 98104",680,,17,17,17,17,17
5123,2000026,,75,STADIUM PLACE,18,18,18,18,18
5124,2000005,,1130,PACIFIC PLACE,19,19,19,19,19
5125,637241,"620 N 34TH ST, SEATTLE, WA   98103",95,,20,20,20,20,20
5126,635173,"1058 E MERCER ST, SEATTLE, WA   98102",57,,21,21,21,21,21
5127,58064,"1038 ELLIOTT AV W, SEATTLE, WA   98119",10,,22,22,22,22,22
5128,611425,"320 WESTLAKE AV N, SEATTLE, WA   98109",452,Westlake and Terry,23,23,23,23,23
5129,640019,"411 PONTIUS AV N, SEATTLE, WA 98109",10,,24,24,24,24,24
5130,635360,"2237 NW 57TH ST, SEATTLE, WA   98107",45,,25,25,25,25,25
5131,508955,"600 BROADWAY, SEATTLE, WA   98122",189,600 Broadway Bg,26,26,26,26,26
5132,616848,"2300 6TH AV, SEATTLE, WA   98121",28,,27,27,27,27,27
5133,594278,"105 BLANCHARD ST, SEATTLE, WA   98121",12,,28,28,28,28,28
5134,78078,"1964 4TH AV S, SEATTLE, WA   98134",95,,29,29,29,29,29
5135,135183,"2605 22ND AV E, SEATTLE, WA   98112",46,,30,30,30,30,30
5136,4850,"2230 4TH AV S, SEATTLE, WA 98134",113,,31,31,31,31,31
5137,593910,"1001 E PINE ST, SEATTLE, WA   98122",32,,32,32,32,32,32
5138,636326,"1531 UTAH AV S, SEATTLE, WA   98134",220,,33,33,33,33,33
5139,546764,"614 MAYNARD AV S, SEATTLE, WA   98104",34,,34,34,34,34,34
5140,645751,"2811 E MADISON ST, SEATTLE, WA   98112",10,,35,35,35,35,35
5141,76145,"1218 3RD AV, SEATTLE, WA   98101",63,,36,36,36,36,36
5142,552881,"747 BROADWAY, SEATTLE, WA   98122",540,Broadway Garage,37,37,37,37,37
5143,627841,"1420 10TH AV, SEATTLE, WA   98122",60,Lot 21,38,38,38,38,38
5144,537050,"2801 ALASKAN WY, SEATTLE, WA   98121",112,,39,39,39,39,39
5145,602987,"525 DEXTER AV N, SEATTLE, WA   98109",16,Bozotronics Lot,40,40,40,40,40
5146,645295,"211 LENORA ST, SEATTLE, WA   98121",102,,41,41,41,41,41
5147,4533,"710 4TH AV N, SEATTLE, WA   98109",47,Seattle Center Lot #28,42,42,42,42,42
5148,625019,"1101 NE BOAT ST, SEATTLE, WA   98105",107,Boat Street Marina #81585,43,43,43,43,43
5149,1784,"1763 4TH AV S, SEATTLE, WA   98134",36,,44,44,44,44,44
5150,4516,"4228 ROOSEVELT WY NE, SEATTLE, WA   98105",295,U District Lot #11,45,45,45,45,45
5151,552889,"5300 TALLMAN AV NW, SEATTLE, WA   98107",459,Ballard Garage,46,46,46,46,46
5152,645731,"1000 6TH AV S, SEATTLE, WA   98134",45,,47,47,47,47,47
5153,639858,"333 TAYLOR AV N, SEATTLE, WA   98109",21,,48,48,48,48,48
5154,625644,"2001 W GARFIELD ST, SEATTLE, WA   98119",1100,,49,49,49,49,49
5155,4550,"2120 1ST AV, SEATTLE, WA   98101",56,Belltowm Lot #45,50,50,50,50,50
5156,583158,"1551 9TH AV, SEATTLE, WA   98101",18,,51,51,51,51,51
5157,580602,"324 BROADWAY E, SEATTLE, WA   98102",11,,52,52,52,52,52
5158,507523,"500 WALL ST, SEATTLE, WA   98121",205,,53,53,53,53,53
5159,625114,"500 2ND AV W, SEATTLE, WA   98119",28,,54,54,54,54,54
5160,642662,"535 TERRY AV N, SEATTLE, WA 98109",152,,55,55,55,55,55
5161,4570,"910 N NORTHLAKE WY, SEATTLE, WA   98103",85,Freemont Lot#66,56,56,56,56,56
5162,638216,"2301 6TH AV, SEATTLE, WA   98121",80,,57,57,57,57,57
5163,632254,"1111 3RD AV, SEATTLE, WA   98101",366,1111 3rd Avenue Garage,58,58,58,58,58
5164,17663,"666 S DEARBORN ST, SEATTLE, WA   98104",75,Merchants Parking #43,59,59,59,59,59
5165,1439,"4105 UNIVERSITY WY NE, SEATTLE, WA   98105",40,,60,60,60,60,60
5166,576428,"1501 1ST AV S, SEATTLE, WA   98134",299,Home Plate,61,61,61,61,61
5167,4540,"720 N 35TH ST, SEATTLE, WA   98103",25,Freemont Lot #35,62,62,62,62,62
5168,593948,"530 BROAD ST, SEATTLE, WA   98121",40,,63,63,63,63,63
5169,607292,"2815 2ND AV, SEATTLE, WA   98121",163,Bay Vista Garage,64,64,64,64,64
5170,545709,"2210 7TH AV, SEATTLE, WA   98121",26,,65,65,65,65,65
5171,635362,"4244 11TH AV NE, SEATTLE, WA   98105",17,,66,66,66,66,66
5172,647757,"1011 PIKE ST, SEATTLE, WA   98101",120,,67,67,67,67,67
5173,582733,"1100 SENECA ST, SEATTLE, WA   98104",43,Sunset Club,68,68,68,68,68
5174,625115,"220 ELLIOTT AV W, SEATTLE, WA   98119",67,,69,69,69,69,69
5175,519374,"1935 2ND AV, SEATTLE, WA   98101",16,,70,70,70,70,70
5176,4513,"1413 HARVARD AV, SEATTLE, WA   98122",111,Capitol Hill #8,71,71,71,71,71
5177,605509,"2225 ALASKAN WY, SEATTLE, WA   98121",29,,72,72,72,72,72
5178,533969,"721 1ST AV, SEATTLE, WA 98104",710,US Bank Garage,73,73,73,73,73
5179,549410,"1700 7TH AV, SEATTLE, WA   98101",591,,74,74,74,74,74
5180,586967,"428 WESTLAKE AV N, SEATTLE, WA   98109",21,,75,75,75,75,75
5181,645739,"1224 MADISON ST, SEATTLE, WA   98104",12,,76,76,76,76,76
5182,635176,"2301 5TH AV, SEATTLE, WA   98121",213,,77,77,77,77,77
5183,625180,"5247 UNIVERSITY WY NE, SEATTLE, WA   98105",10,,78,78,78,78,78
5184,581999,"2407 1ST AV, SEATTLE, WA   98121",63,,79,79,79,79,79
5185,4524,"500 3RD AV W, SEATTLE, WA   98119",32,Queen Anne Lot #19,80,80,80,80,80
5186,595335,"1251 1ST AV S, SEATTLE, WA   98134",60,,81,81,81,81,81
5187,635162,"401 E PIKE ST, SEATTLE, WA   98122",40,,82,82,82,82,82
5188,52865,"4526 15TH AV NE, SEATTLE, WA   98105",70,,83,83,83,83,83
5189,616433,"601 BROADWAY, SEATTLE, WA   98122",226,Orthopedic Institute,84,84,84,84,84
5190,4514,"115 MERCER ST, SEATTLE, WA   98109",23,Seattle Center Lot #9,85,85,85,85,85
5191,625151,"500 17TH AV, SEATTLE, WA   98122",90,Cherry Hill Lot,86,86,86,86,86
5192,593917,"1820 MINOR AV, SEATTLE, WA   98101",22,,87,87,87,87,87
5193,637234,"8517 35TH AV NE, SEATTLE, WA   98115",27,,88,88,88,88,88
5194,650084,"1712 1ST AV S, SEATTLE, WA 98134",64,,89,89,89,89,89
5195,644905,"2031 NW 57TH ST, SEATTLE, WA 98107",48,,90,90,90,90,90
5196,4583,"313 MAYNARD AV S, SEATTLE, WA   98104",47,Interational District Lot #79,91,91,91,91,91
5197,650259,"600   ELLIOTT AV W, SEATTLE, WA 98119",30,,92,92,92,92,92
5198,545710,"2301 7TH AV, SEATTLE, WA   98101",97,,93,93,93,93,93
5199,2000011,,94,,94,94,94,94,94
5200,2000013,,409,AMAZON PHASE 1A #81865,95,95,95,95,95
5201,2000003,,,,96,96,96,96,96
5202,625374,"1401 BROADWAY, SEATTLE, WA   98122",277,,97,97,97,97,97
5203,4557,"601 N 34TH ST, SEATTLE, WA   98103",56,Freemont Lot #52,98,98,98,98,98
5204,584052,"6300 9TH AV NE, SEATTLE, WA   98115",55,,99,99,99,99,99
5205,596062,"300 WESTLAKE AV N, SEATTLE, WA   98109",24,Athletic Supply,100,100,100,100,100
5206,616532,"1300 E MADISON ST, SEATTLE, WA   98122",52,Bank of America #81151,101,101,101,101,101
5207,637242,"4131 11TH AV NE, SEATTLE, WA   98105",18,,102,102,102,102,102
5208,596079,"4225 ROOSEVELT WY NE, SEATTLE, WA   98105",181,Roosevelt Way Garage #81124,103,103,103,103,103
5209,596080,"4245 ROOSEVELT WY NE, SEATTLE, WA   98105",205,Roosevelt Way Garage #81125,104,104,104,104,104
5210,583989,"2331 42ND AV SW, SEATTLE, WA   98116",101,,105,105,105,105,105
5211,530472,"2200 6TH AV, SEATTLE, WA   98101",213,,106,106,106,106,106
5212,593946,"1818 YALE AV, SEATTLE, WA   98122",28,,107,107,107,107,107
5213,645781,"1900 9TH AV, SEATTLE, WA   98101",55,,108,108,108,108,108
5214,636328,"1520 10TH AV, SEATTLE, WA   98122",25,,109,109,109,109,109
5215,611421,"421 8TH AV, SEATTLE, WA   98109",70,Rexland Lot,110,110,110,110,110
5216,645757,"229 MINOR AV N, SEATTLE, WA 98109",70,,111,111,111,111,111
5217,507314,"607 8TH AV S, SEATTLE, WA   98104",7,,112,112,112,112,112
5218,573813,"206 BROADWAY, SEATTLE, WA   98122",65,,113,113,113,113,113
5219,519370,"2001 2ND AV, SEATTLE, WA   98121",72,,114,114,114,114,114
5220,533975,"1150 MARION ST, SEATTLE, WA   98104",1025,Marion and Minor,115,115,115,115,115
5221,625128,"5511 22ND AV NW, SEATTLE, WA   98107",24,,116,116,116,116,116
5222,556116,"5000 PHINNEY AV N, SEATTLE, WA   98103",140,,117,117,117,117,117
5223,593938,"516 BROAD ST, SEATTLE, WA 98109",36,,118,118,118,118,118
5224,603198,"200 PIKE ST, SEATTLE, WA   98101",322,,119,119,119,119,119
5225,596069,"206 MINOR AV N, SEATTLE, WA   98109",47,Times Lot #15,120,120,120,120,120
5226,625135,"434 QUEEN ANNE AV N, SEATTLE, WA   98109",12,,121,121,121,121,121
5227,4537,"800 7TH AV, SEATTLE, WA   98104",402,First Hill Lot #32,122,122,122,122,122
5228,593947,"314 QUEEN ANNE AV N, SEATTLE, WA   98109",28,,123,123,123,123,123
5229,165552,"601 UNION ST, SEATTLE, WA   98101",1031,Union Square Garage,124,124,124,124,124
5230,581998,"4314 SW ALASKA ST, SEATTLE, WA   98116",30,,125,125,125,125,125
5231,644070,"1314 E PIKE ST, SEATTLE, WA   98122",10,,126,126,126,126,126
5232,625137,"1600 QUEEN ANNE AV N, SEATTLE, WA   98109",13,,127,127,127,127,127
5233,526383,"710 7TH AV S, SEATTLE, WA   98104",19,,128,128,128,128,128
5234,8956,"1720 4TH AV S, SEATTLE, WA   98134",80,,129,129,129,129,129
5235,595345,"2401 3RD AV, SEATTLE, WA   98121",24,,130,130,130,130,130
5236,596094,"936 N 34TH ST, SEATTLE, WA   98103",47,,131,131,131,131,131
5237,564868,"1220 HOWELL ST, SEATTLE, WA   98101",553,,132,132,132,132,132
5238,76137,"2801 WESTERN AV, SEATTLE, WA   98121",122,,133,133,133,133,133
5239,593936,"1421 HARVARD AV, SEATTLE, WA   98122",19,,134,134,134,134,134
5240,603660,"3821 S FERDINAND ST, SEATTLE, WA   98118",39,,135,135,135,135,135
5241,584041,"1900 9TH AV, SEATTLE, WA   98101",183,,136,136,136,136,136
5242,625126,"4515 9TH AV NE, SEATTLE, WA   98105",42,,137,137,137,137,137
5243,578896,"1741 4TH AV S, SEATTLE, WA   98134",18,,138,138,138,138,138
5244,579513,"159 S JACKSON ST, SEATTLE, WA   98104",6,Butler Parking,139,139,139,139,139
5245,521166,"901 5TH AV, SEATTLE, WA 98164",241,901 5th Avenue Garage,140,140,140,140,140
5246,6256,"720 SENECA ST, SEATTLE, WA   98101",10,,141,141,141,141,141
5247,626275,"105 14TH AV, SEATTLE, WA   98122",64,Yesler Place,142,142,142,142,142
5248,596107,"1750 OCCIDENTAL AV S, SEATTLE, WA   98134",210,,143,143,143,143,143
5249,650859,"2724 6TH PL S, SEATTLE, WA   98134",40,,144,144,144,144,144
5250,635468,"800 OLIVE WY, SEATTLE, WA   98101",7,,145,145,145,145,145
5251,548445,"221 6TH AV N, SEATTLE, WA   98109",28,,146,146,146,146,146
5252,644068,"501 E PINE ST, SEATTLE, WA   98122",20,,147,147,147,147,147
5253,614641,"2333 WESTERN AV, SEATTLE, WA   98121",22,,148,148,148,148,148
5254,644160,"215 1ST AV W, SEATTLE, WA   98119",72,,149,149,149,149,149
5255,637756,"601  N 59TH ST, SEATTLE, WA 98103",748,,150,150,150,150,150
5256,613589,"114 JAMES ST, SEATTLE, WA   98104",435,Butler Garage,151,151,151,151,151
5257,593008,"220 6TH AV N, SEATTLE, WA   98109",28,,152,152,152,152,152
5258,593010,"2117 6TH AV, SEATTLE, WA   98121",24,,153,153,153,153,153
5259,4598,"1110 BOYLSTON AV, SEATTLE, WA   98101",98,Seattle First Baptist Church,154,154,154,154,154
5260,2000023,,152,AMAZON PHASE 1B #81866,155,155,155,155,155
5261,2000016,,30,Analytical Resources #81879,156,156,156,156,156
5262,2000002,,,,157,157,157,157,157
5263,2000001,,,,158,158,158,158,158
5264,2000012,,104,9th & Republican #81074,159,159,159,159,159
5265,2000025,,94,MERCER & WESTLAKE #81386,160,160,160,160,160
5266,2000008,,371,AMAZON PHASE 3 #81876,161,161,161,161,161
5267,2000024,,30,OLIVETTI #41181,162,162,162,162,162
5268,2000018,,115,City Light Lot #41841,163,163,163,163,163
5269,2000022,,440,Lot 28,164,164,164,164,164
5270,2000006,,1050,,165,165,165,165,165
5271,577626,"3010 1ST AV, SEATTLE, WA   98121",7,,166,166,166,166,166
5272,2000015,,784,AMAZON PHASE 4 #81877,167,167,167,167,167
5273,2000020,,102,211 LENORA #81957,168,168,168,168,168
5274,593925,"4535 ROOSEVELT WY NE, SEATTLE, WA   98105",145,,169,169,169,169,169
5275,635160,"1370   STEWART ST, SEATTLE, WA 98109",24,,170,170,170,170,170
5276,584186,"1800 TERRY AV, SEATTLE, WA   98101",17,,171,171,171,171,171
5277,4544,"2625 3RD AV, SEATTLE, WA   98121",25,,172,172,172,172,172
5278,635161,"251 6TH AV S, SEATTLE, WA   98104",24,,173,173,173,173,173
5279,552879,"1111 A COLUMBIA ST, SEATTLE, WA   98101",20,Invex Alley,174,174,174,174,174
5280,548442,"2231 6TH AV, SEATTLE, WA   98121",56,,175,175,175,175,175
5281,635168,"2413 3RD AV, SEATTLE, WA   98121",56,,176,176,176,176,176
5282,96448,"800 CONVENTION PL, SEATTLE, WA   98101",805,CONVENTION CENTER,177,177,177,177,177
5283,608878,"2901 WESTERN AV, SEATTLE, WA   98121",51,,178,178,178,178,178
5284,76121,"1524 2ND AV, SEATTLE, WA   98101",28,,179,179,179,179,179
5285,639537,"1110 ELLIOTT AV W, SEATTLE, WA   98119",13,,180,180,180,180,180
5286,596087,"220 8TH AV N, SEATTLE, WA   98109",12,,181,181,181,181,181
5287,625117,"133 1ST AV N, SEATTLE, WA   98109",28,,182,182,182,182,182
5288,561456,"409 UNION ST, SEATTLE, WA   98101",86,Rainier Square Garage,183,183,183,183,183
5289,645735,"622 BROADWAY E, SEATTLE, WA   98102",18,,184,184,184,184,184
5290,580356,"505 MADISON ST, SEATTLE, WA   98104",70,,185,185,185,185,185
5291,595347,"512 BROADWAY, SEATTLE, WA   98122",65,,186,186,186,186,186
5292,637243,"3020 NE 45TH ST, SEATTLE, WA   98105",15,,187,187,187,187,187
5293,605781,"1801 6TH AV, SEATTLE, WA   98101",34,,188,188,188,188,188
5294,644071,"314 NICKERSON ST, SEATTLE, WA   98109",15,,189,189,189,189,189
5295,52864,"4526 BROOKLYN AV NE, SEATTLE, WA   98105",72,,190,190,190,190,190
5296,16048,"1531 WESTERN AV, SEATTLE, WA   98101",540,PIKE PLACE MARKET,191,191,191,191,191
5297,635079,"1732 BROADWAY, SEATTLE, WA   98122",30,,192,192,192,192,192
5298,637591,"1420 E MADISON ST, SEATTLE, WA   98122",27,,193,193,193,193,193
5299,185997,"1919 6TH AV S, SEATTLE, WA   98134",80,,194,194,194,194,194
5300,646200,"800 1ST AV, SEATTLE, WA   98104",289,,195,195,195,195,195
5301,593919,"318 5TH AV N, SEATTLE, WA   98109",53,,196,196,196,196,196
5302,596070,"121 PONTIUS AV N, SEATTLE, WA   98109",117,,197,197,197,197,197
5303,600948,"1221 1ST AV, SEATTLE, WA   98101",635,Harbor Steps Garage,198,198,198,198,198
5304,625012,"301 8TH AV N, SEATTLE, WA   98109",68,8th & Harrison Lot,199,199,199,199,199
5305,603197,"1501 4TH AV, SEATTLE, WA 98101",264,,200,200,200,200,200
5306,625020,"1401 NE BOAT ST, SEATTLE, WA   98105",13,Boat Street Marina #81586,201,201,201,201,201
5307,596082,"520 PIKE ST, SEATTLE, WA   98101",260,Pike Tower Garage,202,202,202,202,202
5308,308,"1110 BOYLSTON AV, SEATTLE, WA   98101",170,Polyclinic #93,203,203,203,203,203
5309,635080,"2003 NW 57TH ST, SEATTLE, WA   98107",14,,204,204,204,204,204
5310,4573,"1930 MINOR AV, SEATTLE, WA   98101",85,Denny Minor Lot #69,205,205,205,205,205
5311,633196,"714 E PIKE ST, SEATTLE, WA   98122",79,,206,206,206,206,206
5312,593940,"325 1ST AV N, SEATTLE, WA 98109",60,,207,207,207,207,207
5313,4559,"1000 N NORTHLAKE WY, SEATTLE, WA   98103",25,Freemont Lot #55,208,208,208,208,208
5314,624904,"682 S HOLGATE ST, SEATTLE, WA   98134",30,,209,209,209,209,209
5315,574487,"1106 SUMMIT AV, SEATTLE, WA   98114",242,,210,210,210,210,210
5316,4600,"216 QUEEN ANNE AV N, SEATTLE, WA   98109",15,Seattle Center Lot #96,211,211,211,211,211
5317,639443,"415 SENECA ST, SEATTLE, WA 98101",624,,212,212,212,212,212
5318,593950,"2021 5TH AV, SEATTLE, WA   98121",52,,213,213,213,213,213
5319,583622,"1522 14TH AV, SEATTLE, WA   98122",57,,214,214,214,214,214
5320,52863,"4300 BROOKLYN AV NE, SEATTLE, WA   98105",15,,215,215,215,215,215
5321,593922,"4725 UNIVERSITY WY NE, SEATTLE, WA   98105",63,,216,216,216,216,216
5322,543207,"600 5TH AV S, SEATTLE, WA   98104",365,Uwajimaya Village,217,217,217,217,217
5323,519369,"314 BELL ST, SEATTLE, WA   98121",21,,218,218,218,218,218
5324,637113,"1608 2ND AV, SEATTLE, WA   98101",175,,219,219,219,219,219
5325,602972,"415 6TH AV, SEATTLE, WA   98104",824,Goat Hill Garage(#81250),220,220,220,220,220
5326,4505,"5 W HARRISON ST, SEATTLE, WA   98119",17,Queen Anne #100,221,221,221,221,221
5327,4595,"1140 BOYLSTON AV, SEATTLE, WA   98122",26,Capitol Hill Lot #91,222,222,222,222,222
5328,589589,"1601 5TH AV, SEATTLE, WA   98101",234,Westlake Center Garage,223,223,223,223,223
5329,635154,"1701 BROADWAY, SEATTLE, WA   98122",36,,224,224,224,224,224
5330,638431,"1915 1ST AV S, SEATTLE, WA   98134",15,,225,225,225,225,225
5331,572485,"1527 15TH AV, SEATTLE, WA 98112",32,,226,226,226,226,226
5332,582102,"831 AIRPORT WY S, SEATTLE, WA   98134",55,Lot 35,227,227,227,227,227
5333,614869,"1000 DEXTER AV N, SEATTLE, WA   98109",576,,228,228,228,228,228
5334,561452,"1200 5TH AV, SEATTLE, WA   98101",158,IBM Garage,229,229,229,229,229
5335,524715,"515 MINOR AV, SEATTLE, WA   98104",298,First Hill Medical,230,230,230,230,230
5336,625101,"200 4TH AV, SEATTLE, WA 98104",54,,231,231,231,231,231
5337,593945,"1717 BOYLSTON AV, SEATTLE, WA   98122",28,,232,232,232,232,232
5338,524268,"4208 RAINIER AV S, SEATTLE, WA   98118",140,,233,233,233,233,233
5339,503540,"1740 1ST AV S, SEATTLE, WA   98134",56,,234,234,234,234,234
5340,644069,"1532 13TH AV, SEATTLE, WA 98122",11,,235,235,235,235,235
5341,516204,"1300 HUBBELL PL, SEATTLE, WA   98101",630,FREEWAY PARK,236,236,236,236,236
5342,548440,"2120 5TH AV, SEATTLE, WA   98121",28,,237,237,237,237,237
5343,570059,"74 S JACKSON ST, SEATTLE, WA   98104",160,,238,238,238,238,238
5344,645737,"1518 BROADWAY, SEATTLE, WA   98122",4,,239,239,239,239,239
5345,593949,"1817 BOREN AV, SEATTLE, WA   98101",86,,240,240,240,240,240
5346,76118,"1101 WESTERN AV, SEATTLE, WA   98101",132,,241,241,241,241,241
5347,584695,"220 W HARRISON ST, SEATTLE, WA   98119",37,,242,242,242,242,242
5348,583924,"811 WESTERN AV, SEATTLE, WA   98104",139,The Commuter Garage,243,243,243,243,243
5349,640020,"1400 BROADWAY, SEATTLE, WA   98122",4,,244,244,244,244,244
5350,575141,"4328 BROOKLYN AV NE, SEATTLE, WA   98105",11,,245,245,245,245,245
5351,562641,"4730 15TH AV NE, SEATTLE, WA   98115",64,,246,246,246,246,246
5352,563197,"5412 BALLARD AV NW, SEATTLE, WA   98107",7,,247,247,247,247,247
5353,645753,"3272 FUHRMAN AV E, SEATTLE, WA   98102",15,,248,248,248,248,248
5354,593932,"557 ROY ST, SEATTLE, WA   98109",32,,249,249,249,249,249
5355,594271,"1010 BOYLSTON AV, SEATTLE, WA   98104",22,,250,250,250,250,250
5356,573814,"516 1ST AV W, SEATTLE, WA   98119",13,,251,251,251,251,251
5357,576756,"310 15TH AV E, SEATTLE, WA   98112",96,,252,252,252,252,252
5358,611420,"305 9TH AV N, SEATTLE, WA   98109",24,Chefs Soup Lot,253,253,253,253,253
5359,643028,"1732 4TH AV S, SEATTLE, WA   98134",108,,254,254,254,254,254
5360,582913,"1700 N 45TH ST, SEATTLE, WA   98103",15,,255,255,255,255,255
5361,605780,"600 OLIVE WY, SEATTLE, WA   98101",233,,256,256,256,256,256
5362,17658,"537 YESLER WY, SEATTLE, WA   98104",30,,257,257,257,257,257
5363,603941,"509 9TH AV, SEATTLE, WA   98109",87,8th & Mercer Lot,258,258,258,258,258
5364,565731,"601 WALL ST, SEATTLE, WA   98121",17,,259,259,259,259,259
5365,52859,"4533 12TH AV NE, SEATTLE, WA   98105",202,,260,260,260,260,260
5366,4545,"2224 WESTERN AV, SEATTLE, WA   98121",88,Belltown Lot #40,261,261,261,261,261
5367,634756,"2024 4TH AV, SEATTLE, WA   98121",204,Warwick Hotel Garage,262,262,262,262,262
5368,559344,"2127 7TH AV, SEATTLE, WA   98121",46,,263,263,263,263,263
5369,624767,"4115 UNIVERSITY WY NE, SEATTLE, WA   98105",16,,264,264,264,264,264
5370,582919,"1002 E SENECA ST, SEATTLE, WA   98122",30,,265,265,265,265,265
5371,602984,"530 DEXTER AV N, SEATTLE, WA   98109",92,8th and Mercer Lot,266,266,266,266,266
5372,556118,"501 N 59TH ST, SEATTLE, WA   98103",195,,267,267,267,267,267
5373,625181,"4750 ROOSEVELT WY NE, SEATTLE, WA   98105",14,,268,268,268,268,268
5374,593909,"1126 34TH AV, SEATTLE, WA 98122",52,,269,269,269,269,269
5375,635153,"84 S MAIN ST, SEATTLE, WA   98104",8,,270,270,270,270,270
5376,4553,"114 1ST AV N, SEATTLE, WA   98109",74,Seattle Center Lot #48,271,271,271,271,271
5377,593899,"614 BROADWAY E, SEATTLE, WA   98102",22,,272,272,272,272,272
5378,596078,"1200 12TH AV S, SEATTLE, WA   98144",403,Pacific Medical,273,273,273,273,273
5379,625104,"190 QUEEN ANNE AV N, SEATTLE, WA   98109",25,,274,274,274,274,274
5380,588561,"1467 ELLIOTT AV W, SEATTLE, WA   98119",88,,275,275,275,275,275
5381,593935,"1406 BROADWAY, SEATTLE, WA   98122",30,,276,276,276,276,276
5382,645755,"1600 E OLIVE WY, SEATTLE, WA   98122",21,,277,277,277,277,277
5383,634757,"106 STEWART ST, SEATTLE, WA   98101",80,,278,278,278,278,278
5384,645726,"2201 4TH AV, SEATTLE, WA   98121",146,,279,279,279,279,279
5385,618335,"1200 WESTLAKE AV N, SEATTLE, WA   98109",339,AGC Building,280,280,280,280,280
5386,572469,"3161 ELLIOTT AV, SEATTLE, WA 98121",131,,281,281,281,281,281
5387,12222,"301 BROADWAY E, SEATTLE, WA   98102",23,,282,282,282,282,282
5388,629202,"5350 30TH AV NW, SEATTLE, WA   98107",44,,283,283,283,283,283
5389,625130,"100 W HARRISON ST, SEATTLE, WA   98109",27,,284,284,284,284,284
5390,556115,"600 N 50TH ST, SEATTLE, WA   98103",276,,285,285,285,285,285
5391,648577,"401 BROADWAY E, SEATTLE, WA 98102",230,,286,286,286,286,286
5392,1677,"2800 3RD AV, SEATTLE, WA   98121",30,,287,287,287,287,287
5393,634486,"1807 HARVARD AV, SEATTLE, WA   98122",62,,288,288,288,288,288
5394,12202,"700 E PINE ST, SEATTLE, WA   98122",1200,,289,289,289,289,289
5395,4522,"900 N 34TH ST, SEATTLE, WA   98103",27,Freemont Lot 17,290,290,290,290,290
5396,606151,"200 6TH AV N, SEATTLE, WA   98109",45,,291,291,291,291,291
5397,631641,"809 FAIRVIEW AV N, SEATTLE, WA   98109",135,Henry Pier,292,292,292,292,292
5398,52869,"4220 BROOKLYN AV NE, SEATTLE, WA   98105",76,,293,293,293,293,293
5399,634758,"100 REPUBLICAN ST, SEATTLE, WA   98109",70,,294,294,294,294,294
5400,633165,"2201 9TH AV, SEATTLE, WA   98121",327,2201 Westlake #81771,295,295,295,295,295
5401,625120,"2701 3RD AV, SEATTLE, WA   98121",28,,296,296,296,296,296
5402,633195,"55 BELL ST, SEATTLE, WA   98121",23,,297,297,297,297,297
5403,536943,"201 S KING ST, SEATTLE, WA   98104",1165,,298,298,298,298,298
5404,561454,"1215 4TH AV, SEATTLE, WA   98161",185,Financial Center Garage,299,299,299,299,299
5405,576659,"2200 ALASKAN WY, SEATTLE, WA   98121",37,,300,300,300,300,300
5406,611881,"1531 7TH AV, SEATTLE, WA   98101",8,Roosevelt Hotel,301,301,301,301,301
5407,556117,"5500 PHINNEY AV N, SEATTLE, WA   98103",61,,302,302,302,302,302
5408,596050,"301 8TH AV N, SEATTLE, WA   98109",18,8th & Thomas Lot,303,303,303,303,303
5409,595353,"500 PONTIUS AV N, SEATTLE, WA   98121",73,,304,304,304,304,304
5410,625108,"233 1ST AV W, SEATTLE, WA   98109",22,,305,305,305,305,305
5411,571455,"4701 CALIFORNIA AV SW, SEATTLE, WA   98116",18,,306,306,306,306,306
5412,596051,"424 BOREN AV N, SEATTLE, WA   98109",48,Boren & Republican  Lot,307,307,307,307,307
5413,4555,"414 4TH AV, SEATTLE, WA   98104",27,Court House Lot #50,308,308,308,308,308
5414,4567,"223 TAYLOR AV N, SEATTLE, WA   98109",75,Seattle Center Lot #29 and #63,309,309,309,309,309
5415,584055,"4518 UNION BAY PL NE, SEATTLE, WA   98115",34,,310,310,310,310,310
5416,614759,"1400 2ND AV, SEATTLE, WA 98101",560,,311,311,311,311,311
5417,576657,"1000 4TH AV, SEATTLE, WA   98104",150,Central Library,312,312,312,312,312
5418,17659,"616 6TH AV S, SEATTLE, WA   98104",30,Merchants Parking #27,313,313,313,313,313
5419,637115,"1746 1ST AV S, SEATTLE, WA   98134",48,,314,314,314,314,314
5420,95912,"1760 1ST AV S, SEATTLE, WA   98134",92,,315,315,315,315,315
5421,595349,"500 BROADWAY, SEATTLE, WA   98122",13,,316,316,316,316,316
5422,523313,"4114 45TH AV S, SEATTLE, WA   98118",100,,317,317,317,317,317
5423,625134,"1206 1ST AV, SEATTLE, WA   98101",28,,318,318,318,318,318
5424,17647,"525 S JACKSON ST, SEATTLE, WA   98104",31,Merchants Parking #01,319,319,319,319,319
5425,645759,"465 S HOLGATE ST, SEATTLE, WA   98134",16,,320,320,320,320,320
5426,580480,"1015 3RD AV # FL 12, SEATTLE, WA   98104",154,,321,321,321,321,321
5427,595336,"1001 FAIRVIEW AV N, SEATTLE, WA   98109",88,,322,322,322,322,322
5428,503419,"117 3RD AV S, SEATTLE, WA   98104",34,Frye Parking Garage,323,323,323,323,323
5429,543204,"500 S JACKSON ST, SEATTLE, WA   98104",100,Lot 23,324,324,324,324,324
5430,76131,"2232 NW MARKET ST, SEATTLE, WA   98107",35,,325,325,325,325,325
5431,584054,"1819 NW MARKET ST, SEATTLE, WA   98107",7,,326,326,326,326,326
5432,625360,"2101 4TH AV, SEATTLE, WA   98121",228,,327,327,327,327,327
5433,97075,"300 MERCER ST, SEATTLE, WA   98109",1433,Mercer Garage,328,328,328,328,328
5434,584046,"4704 42ND AV SW, SEATTLE, WA   98116",213,,329,329,329,329,329
5435,630527,"2250 OCCIDENTAL AV S, SEATTLE, WA   98134",80,,330,330,330,330,330
5436,543206,"412 S MAIN ST, SEATTLE, WA   98104",52,Lot 8,331,331,331,331,331
5437,4539,"417 BROAD ST, SEATTLE, WA 98101",68,Seattle Center Lot #34,332,332,332,332,332
5438,593923,"400 4TH AV, SEATTLE, WA   98104",68,,333,333,333,333,333
5439,17648,"601 S JACKSON ST, SEATTLE, WA   98104",23,Merchants Parking #02,334,334,334,334,334
5440,76134,"233 1ST AV N, SEATTLE, WA   98109",30,,335,335,335,335,335
5441,640450,"3208 RAINIER AV S, SEATTLE, WA   98144",15,,336,336,336,336,336
5442,76119,"1108 WESTERN AV, SEATTLE, WA   98101",121,,337,337,337,337,337
5443,613599,"101 ELLIOTT AV W, SEATTLE, WA   98119",225,PI Building,338,338,338,338,338
5444,537623,"820 4TH AV S, SEATTLE, WA   98104",684,,339,339,339,339,339
5445,582736,"1215 SENECA ST, SEATTLE, WA   98101",27,,340,340,340,340,340
5446,583929,"801 WESTERN AV, SEATTLE, WA   98104",60,,341,341,341,341,341
5447,635165,"220 2ND AV S, SEATTLE, WA   98104",16,,342,342,342,342,342
5448,4548,"4259 ROOSEVELT WY NE, SEATTLE, WA 98015",15,,343,343,343,343,343
5449,596043,"2030 9TH AV, SEATTLE, WA   98121",36,Steve Johnson Lot,344,344,344,344,344
5450,195020,"1903 5TH AV, SEATTLE, WA   98101",48,,345,345,345,345,345
5451,4531,"600 WARREN AV N, SEATTLE, WA   98109",58,Seattle Center Lot #26,346,346,346,346,346
5452,76126,"50 UNIVERSITY ST, SEATTLE, WA   98101",76,,347,347,347,347,347
5453,582421,"1122 E MADISON ST, SEATTLE, WA   98122",35,,348,348,348,348,348
5454,652238,"308 4TH AV S, SEATTLE, WA   98104",77,,349,349,349,349,349
5455,611417,"1619 9TH AV, SEATTLE, WA   98109",40,Worldmark Valet,350,350,350,350,350
5456,625112,"400 4TH AV W, SEATTLE, WA   98119",139,,351,351,351,351,351
5457,555353,"2311 2ND AV, SEATTLE, WA   98121",20,,352,352,352,352,352
5458,645729,"418 BELLEVUE AV E, SEATTLE, WA 98102",6,,353,353,353,353,353
5459,611062,"1112 4TH AV, SEATTLE, WA   98101",100,,354,354,354,354,354
5460,637244,"4701 UNIVERSITY WY NE, SEATTLE, WA   98105",5,,355,355,355,355,355
5461,585503,"1555 4TH AV S, SEATTLE, WA   98134",27,,356,356,356,356,356
5462,625173,"1023 NE 63RD ST, SEATTLE, WA   98115",22,,357,357,357,357,357
5463,635378,"76 S KING ST, SEATTLE, WA   98104",116,,358,358,358,358,358
5464,539262,"1736 4TH AV S #A, SEATTLE, WA   98134",18,,359,359,359,359,359
5465,636191,"145 YALE AV N, SEATTLE, WA 98109",54,Greyhound #41886,360,360,360,360,360
5466,625176,"5300 24TH AV NW, SEATTLE, WA   98107",130,,361,361,361,361,361
5467,4565,"200 1ST AV W, SEATTLE, WA   98119",89,Queen Anne Lot 61,362,362,362,362,362
5468,635156,"523 3RD AV W, SEATTLE, WA   98119",60,,363,363,363,363,363
5469,637246,"8500 GREENWOOD AV N, SEATTLE, WA   98103",43,,364,364,364,364,364
5470,645756,"701 5TH AV N, SEATTLE, WA   98109",20,,365,365,365,365,365
5471,596046,"1300 MADISON ST, SEATTLE, WA   98104",44,First Hill Plaza,366,366,366,366,366
5472,4546,"2015 4TH AV, SEATTLE, WA   98121",26,U-Park #41,367,367,367,367,367
5473,596093,"4100 UNIVERSITY WY NE, SEATTLE, WA   98105",15,,368,368,368,368,368
5474,176750,"1914 OCCIDENTAL AV S, SEATTLE, WA   98134",100,,369,369,369,369,369
5475,616534,"1600 EASTLAKE AV E, SEATTLE, WA   98102",30,Bank of America #81570,370,370,370,370,370
5476,583578,"1229 MADISON ST, SEATTLE, WA   98104",16,,371,371,371,371,371
5477,4619,"1916 BOREN AV, SEATTLE, WA   98101",49,Denny Triangle Lot #115,372,372,372,372,372
5478,4194,"1430 1ST AV, SEATTLE, WA   98101",44,Metro Parking,373,373,373,373,373
5479,4610,"1201 MADISON ST, SEATTLE, WA   98104",35,Capitol Hill Lot #106,374,374,374,374,374
5480,628966,"1116 HARRISON ST, SEATTLE, WA   98109",21,,375,375,375,375,375
5481,625132,"1300 NE 45TH ST, SEATTLE, WA 98105",51,,376,376,376,376,376
5482,543241,"1900 5TH AV, SEATTLE, WA   98101",235,WESTIN PRKG GARAGE LOT # 674 # 675 # 3201,377,377,377,377,377
5483,210,"1123 9TH AV, SEATTLE, WA   98101",310,,378,378,378,378,378
5484,637235,"5512 22ND AV NW, SEATTLE, WA   98107",25,,379,379,379,379,379
5485,636324,"505 1ST AV S, SEATTLE, WA 98104",400,,380,380,380,380,380
5486,617038,"1401 2ND AV, SEATTLE, WA   98101",241,Pike Plaza Newmark Garage,381,381,381,381,381
5487,614874,"609 6TH AV, SEATTLE, WA   98104",490,Seapark Parking Garage #679,382,382,382,382,382
5488,593937,"2810 3RD AV, SEATTLE, WA   98121",40,,383,383,383,383,383
5489,641230,"601 AURORA AV N, SEATTLE, WA   98109",20,,384,384,384,384,384
5490,577229,"2402 QUEEN ANNE AV N, SEATTLE, WA   98109",95,,385,385,385,385,385
5491,153042,"1550 N 115TH ST, SEATTLE, WA   98133",693,Northwest Hospital,386,386,386,386,386
5492,4525,"400 MERCER ST, SEATTLE, WA   98109",75,Seattle Center Garage,387,387,387,387,387
5493,4586,"2210 1ST AV, SEATTLE, WA",29,Belltown Lot #82,388,388,388,388,388
5494,611880,"724 PINE ST, SEATTLE, WA   98101",46,Grand Hyatt Hotel,389,389,389,389,389
5495,583926,"701 4TH AV, SEATTLE, WA   98104",105,,390,390,390,390,390
5496,634485,"150 DENNY WY, SEATTLE, WA   98109",143,Church Garage,391,391,391,391,391
5497,564867,"1100 OLIVE WY, SEATTLE, WA   98101",170,,392,392,392,392,392
5498,642660,"410 TERRY AV N, SEATTLE, WA   98109",409,,393,393,393,393,393
5499,625014,"1635 8TH AV, SEATTLE, WA 98101",110,Olive 8 Valet,394,394,394,394,394
5500,533602,"1520 OCCIDENTAL AV S, SEATTLE, WA   98134",1695,,395,395,395,395,395
5501,593015,"701 PIKE ST, SEATTLE, WA   98101",233,,396,396,396,396,396
5502,52868,"4550 16TH AV NE, SEATTLE, WA   98105",39,,397,397,397,397,397
5503,639334,"613 FAIRVIEW AV N, SEATTLE, WA   98109",29,,398,398,398,398,398
5504,4518,"5711 24TH AV NW, SEATTLE, WA 98107",56,Ballard Lot #13,399,399,399,399,399
5505,635357,"925 4TH AV, SEATTLE, WA   98104",500,IDX Building,400,400,400,400,400
5506,513327,"120 5TH AV N, SEATTLE, WA   98109",10,Trust Parking,401,401,401,401,401
5507,4577,"3420 STONE WY N, SEATTLE, WA   98103",43,Freemont Lot #73,402,402,402,402,402
5508,559346,"2220 8TH AV, SEATTLE, WA   98121",82,,403,403,403,403,403
5509,593934,"1204 HOWELL ST, SEATTLE, WA   98102",16,,404,404,404,404,404
5510,625125,"601 ROY ST, SEATTLE, WA   98109",52,,405,405,405,405,405
5511,642663,"551 BOREN AV N, SEATTLE, WA 98109",374,,406,406,406,406,406
5512,614875,"2229 7TH AV, SEATTLE, WA 98121",18,,407,407,407,407,407
5513,552878,"1111 COLUMBIA ST, SEATTLE, WA   98101",190,Invex Garage,408,408,408,408,408
5514,633167,"301 NE 100TH ST, SEATTLE, WA   98125",885,Thornton Place,409,409,409,409,409
5515,638926,"1111 FAIRVIEW AV N, SEATTLE, WA   98109",66,,410,410,410,410,410
5516,639408,"50 LENORA ST, SEATTLE, WA   98101",53,,411,411,411,411,411
5517,639406,"1615 WESTERN AV, SEATTLE, WA   98101",88,Desimone Lot,412,412,412,412,412
5518,611879,"720 3RD AV, SEATTLE, WA   98104",212,Pacific Building Garage #4526,413,413,413,413,413
5519,625170,"4700 BROOKLYN AV NE, SEATTLE, WA   98105",10,,414,414,414,414,414
5520,637745,"500 BOREN AV N, SEATTLE, WA   98109",259,,415,415,415,415,415
5521,617025,"1415 5TH AV, SEATTLE, WA 98101",174,Red Lion Hotel Garage,416,416,416,416,416
5522,622436,"2103 WESTERN AV, SEATTLE, WA   98121",45,Pike Place Market Garage,417,417,417,417,417
5523,594731,"400 4TH AV, SEATTLE, WA   98104",41,,418,418,418,418,418
5524,1807,"1201 3RD AV, SEATTLE, WA   98101",808,,419,419,419,419,419
5525,640040,"2001 8TH AV, SEATTLE, WA 98121",452,,420,420,420,420,420
5526,639862,"1122 POST AL, SEATTLE, WA 98104",7,,421,421,421,421,421
5527,633168,"4201 15TH AV NE, SEATTLE, WA 98105",120,George Russell Hall,422,422,422,422,422
5528,613240,"1301 2ND AV, SEATTLE, WA   98101",698,WAMU Center,423,423,423,423,423
5529,625024,"140 4TH AV N, SEATTLE, WA   98109",508,Fisher Plaza,424,424,424,424,424
5530,640451,"4520 M L KING JR WY S, SEATTLE, WA 98108",20,,425,425,425,425,425
5531,568632,"2100 ALASKAN WY, SEATTLE, WA   98121",119,,426,426,426,426,426
5532,583928,"814 WESTERN AV, SEATTLE, WA   98104",83,,427,427,427,427,427
5533,637758,"2224 N 56TH ST, SEATTLE, WA   98103",9,,428,428,428,428,428
5534,625113,"425 2ND AV W, SEATTLE, WA   98119",28,,429,429,429,429,429
5535,593434,"2201 6TH AV, SEATTLE, WA   98121",14,,430,430,430,430,430
5536,625109,"415 1ST AV W, SEATTLE, WA   98119",77,,431,431,431,431,431
5537,625376,"1505 WESTLAKE AV N, SEATTLE, WA   98109",445,,432,432,432,432,432
5538,595329,"900 12TH AV, SEATTLE, WA   98122",30,,433,433,433,433,433
5539,625172,"3216 NE 45TH ST, SEATTLE, WA   98105",50,,434,434,434,434,434
5540,560186,"1516 1ST AV, SEATTLE, WA   98101",90,Lot 1,435,435,435,435,435
5541,572484,"1610 MELROSE AV, SEATTLE, WA   98122",22,,436,436,436,436,436
5542,4512,"501 E PIKE ST, SEATTLE, WA   98122",19,Capitol Hill #7,437,437,437,437,437
5543,584045,"1900 1ST AV S, SEATTLE, WA   98134",65,,438,438,438,438,438
5544,625373,"65 LENORA ST, SEATTLE, WA   98121",421,,439,439,439,439,439
5545,131300,"321 1ST AV W, SEATTLE, WA   98119",15,,440,440,440,440,440
5546,117276,"515 MADISON ST, SEATTLE, WA   98104",196,Renaissance Madison Hotel,441,441,441,441,441
5547,617332,"99 UNION ST, SEATTLE, WA   98101",157,Four Seasons,442,442,442,442,442
5548,558578,"2454   OCCIDENTAL AV S # 2A, SEATTLE, WA 98134",20,,443,443,443,443,443
5549,52860,"4236 BROOKLYN AV NE, SEATTLE, WA   98105",22,,444,444,444,444,444
5550,187081,"2505 1ST AV, SEATTLE, WA   98121",66,,445,445,445,445,445
5551,548438,"2030 7TH AV, SEATTLE, WA   98121",56,,446,446,446,446,446
5552,2000021,,161,1ST & SPRING #81395,447,447,447,447,447
5553,635171,"1410 AIRPORT WY S, SEATTLE, WA   98134",26,,448,448,448,448,448
5554,4596,"2330 WESTERN AV, SEATTLE, WA   98121",17,,449,449,449,449,449
5555,625127,"1919 N 45TH ST, SEATTLE, WA   98103",33,,450,450,450,450,450
5556,652092,"223 TAYLOR AV N, SEATTLE, WA   98109",50,,451,451,451,451,451
5557,583925,"723 4TH AV, SEATTLE, WA   98104",240,4th and Columbia #4558,452,452,452,452,452
5558,519371,"1929 2ND AV, SEATTLE, WA   98121",11,,453,453,453,453,453
5559,588581,"2411 ALASKAN WY, SEATTLE, WA   98121",190,,454,454,454,454,454
5560,645728,"414 MINOR AV N, SEATTLE, WA 98109",53,,455,455,455,455,455
5561,628636,"511 16TH AV E, SEATTLE, WA   98112",726,,456,456,456,456,456
5562,586728,"1412 12TH AV E, SEATTLE, WA 98102",36,,457,457,457,457,457
5563,600468,"1701 4TH AV S, SEATTLE, WA   98134",30,,458,458,458,458,458
5564,642344,"1918 8TH AV, SEATTLE, WA   98101",402,,459,459,459,459,459
5565,641229,"505 3RD AV W, SEATTLE, WA   98119",10,,460,460,460,460,460
5566,576757,"201 16TH AV E, SEATTLE, WA   98112",300,,461,461,461,461,461
5567,635159,"2115 WESTLAKE AV, SEATTLE, WA 98121",21,,462,462,462,462,462
5568,631640,"901   FAIRVIEW AV N, SEATTLE, WA 98109",248,,463,463,463,463,463
5569,614872,"700 5TH AV, SEATTLE, WA 98104",589,SMT Garage,464,464,464,464,464
5570,76135,"9 Wall Street, SEATTLE, WA   98121",1511,,465,465,465,465,465
5571,635155,"136 ELLIOTT AV W, SEATTLE, WA   98119",3,,466,466,466,466,466
5572,588180,"200 8TH AV N, SEATTLE, WA   98109",42,,467,467,467,467,467
5573,635163,"1101 PIKE ST, SEATTLE, WA   98101",18,,468,468,468,468,468
5574,582320,"1762 6TH AV S, SEATTLE, WA   98134",84,,469,469,469,469,469
5575,652272,"301 ALASKAN WY S, SEATTLE, WA 98104",72,,470,470,470,470,470
5576,639317,"2505 3RD AV, SEATTLE, WA   98121",14,,471,471,471,471,471
5577,635169,"1955 1ST AV S, SEATTLE, WA   98134",75,,472,472,472,472,472
5578,98864,"801 4TH AV, SEATTLE, WA   98104",130,,473,473,473,473,473
5579,9567,"2454 OCCIDENTAL AV S, SEATTLE, WA   98134",16,,474,474,474,474,474
5580,625100,"403 1ST AV W, SEATTLE, WA 98119",28,,475,475,475,475,475
5581,593894,"121 TAYLOR AV N, SEATTLE, WA   98109",16,,476,476,476,476,476
5582,645750,"1511 DEXTER AV N, SEATTLE, WA   98109",17,,477,477,477,477,477
5583,593926,"1524 ALASKAN WY, SEATTLE, WA   98101",60,,478,478,478,478,478
5584,635722,"315 1ST AV N, SEATTLE, WA   98109",36,,479,479,479,479,479
5585,548169,"1044 4TH AV S, SEATTLE, WA   98134",180,,480,480,480,480,480
5586,53876,"2203 1ST AV S # 110, SEATTLE, WA   98134",44,,481,481,481,481,481
5587,594279,"215 1ST AV N, SEATTLE, WA   98109",22,,482,482,482,482,482
5588,635363,"6521 ROOSEVELT WY NE, SEATTLE, WA   98115",29,,483,483,483,483,483
5589,639409,"50 BLANCHARD ST, SEATTLE, WA   98101",77,,484,484,484,484,484
5590,596056,"4041 ROOSEVELT WY NE, SEATTLE, WA   98105",36,Goodfellows Lot,485,485,485,485,485
5591,544,"1409 6TH AV, SEATTLE, WA   98101",170,WAC Garage,486,486,486,486,486
5592,596077,"721 PINE ST, SEATTLE, WA   98101",800,Grand Hyatt Hotel,487,487,487,487,487
5593,4584,"100 W ROY ST, SEATTLE, WA   98109",50,On The Boards,488,488,488,488,488
5594,594282,"1208 PINE ST, SEATTLE, WA   98101",49,,489,489,489,489,489
5595,4547,"2000 3RD AV, SEATTLE, WA   98121",26,Downtown Lot #42,490,490,490,490,490
5596,76128,"2312 1ST AV, SEATTLE, WA   98121",56,,491,491,491,491,491
5597,569688,"904 ELLIOTT AV W, SEATTLE, WA   98119",14,,492,492,492,492,492
5598,533370,"1750 4TH AV S, SEATTLE, WA   98134",18,,493,493,493,493,493
5599,649944,"1461 ELLIOTT AV W, SEATTLE, WA   98119",26,,494,494,494,494,494
5600,527105,"1917 4TH AV S, SEATTLE, WA   98134",7,,495,495,495,495,495
5601,625099,"414 1ST AV W, SEATTLE, WA   98119",28,,496,496,496,496,496
5602,631784,"1217 6TH AV, SEATTLE, WA   98101",85,Plymouth Church,497,497,497,497,497
5603,593951,"6860 E GREEN LAKE WY N, SEATTLE, WA   98115",18,,498,498,498,498,498
5604,513281,"2216 3RD AV, SEATTLE, WA   98121",97,,499,499,499,499,499
5605,2000004,,,,500,500,500,500,500
5606,2000010,,34,Bank of America Intl  Banking #81963,501,501,501,501,501
5607,2000017,,77,Cinerama #81097,502,502,502,502,502
5608,2000007,,21,Foley - Green  #82018,503,503,503,503,503
5609,603199,"200 W MERCER ST, SEATTLE, WA   98119",110,,504,504,504,504,504
5610,625356,"1000 2ND AV, SEATTLE, WA   98101",309,,505,505,505,505,505
5611,583157,"4200 SW EDMUNDS ST, SEATTLE, WA   98116",36,,506,506,506,506,506
5612,582530,"1942 WESTLAKE AV, SEATTLE, WA   98101",373,Metropolitan Tower,507,507,507,507,507
5613,76120,"1422 ALASKAN WY, SEATTLE, WA   98101",147,,508,508,508,508,508
5614,619330,"818 STEWART ST, SEATTLE, WA   98101",225,818 Stewart,509,509,509,509,509
5615,595334,"209 2ND AV S, SEATTLE, WA   98104",32,,510,510,510,510,510
5616,645758,"1005 E JEFFERSON ST, SEATTLE, WA   98122",20,,511,511,511,511,511
5617,533981,"1150 A MARION ST, SEATTLE, WA   98104",12,Heath Lot NE,512,512,512,512,512
5618,530470,"2010 5TH AV, SEATTLE, WA   98121",430,,513,513,513,513,513
5619,548444,"2101 7TH AV, SEATTLE, WA   98121",84,,514,514,514,514,514
5620,645754,"810 DEXTER AV N, SEATTLE, WA   98109",70,,515,515,515,515,515
5621,602986,"1550 4TH AV S, SEATTLE, WA   98134",20,4th & Massachusetts,516,516,516,516,516
5622,4601,"2335 4TH AV, SEATTLE, WA   98121",30,Downtown lot #97,517,517,517,517,517
5623,163303,"1800 9TH AV, SEATTLE, WA   98101",315,9th Ave - Regence,518,518,518,518,518
5624,524719,"1801 TERRY AV, SEATTLE, WA   98101",1012,Terry Avenue Regence,519,519,519,519,519
5625,645743,"421 23RD AV S, SEATTLE, WA 98144",12,,520,520,520,520,520
5626,625118,"1221 2ND AV, SEATTLE, WA   98101",75,,521,521,521,521,521
5627,645734,"2708 ELLIOTT AV, SEATTLE, WA   98121",32,,522,522,522,522,522
5628,584049,"1560 1ST AV S, SEATTLE, WA   98134",241,,523,523,523,523,523
5629,548441,"2230 5TH AV, SEATTLE, WA   98121",71,,524,524,524,524,524
5630,627197,"1010 E PIKE ST, SEATTLE, WA   98122",26,Lot 22,525,525,525,525,525
5631,4530,"10 HARRISON ST, SEATTLE, WA   98109",52,Seattle Center Garage #25,526,526,526,526,526
5632,540891,"1400 6TH AV, SEATTLE, WA 98101",300,Sheraton Hotel,527,527,527,527,527
5633,640396,"214 COLUMBIA ST, SEATTLE, WA   98104",80,,528,528,528,528,528
5634,632252,"1700 WESTLAKE AV N, SEATTLE, WA   98109",197,Lake Union Garage,529,529,529,529,529
5635,4526,"201 6TH AV S, SEATTLE, WA   98104",28,International District Lot #21,530,530,530,530,530
5636,593908,"305 1ST AV S, SEATTLE, WA   98104",22,,531,531,531,531,531
5637,80288,"601 N 59TH ST, SEATTLE, WA   98103",150,,532,532,532,532,532
5638,1662,"321 15TH AV E, SEATTLE, WA   98112",37,,533,533,533,533,533
5639,645766,"201 6TH AV S, SEATTLE, WA   98104",12,,534,534,534,534,534
5640,605514,"1120 BROADWAY, SEATTLE, WA   98102",140,,535,535,535,535,535
5641,583927,"2801 ALASKAN WY, SEATTLE, WA   98121",112,Pier 70 Garage,536,536,536,536,536
5642,620708,"622 BROADWAY E, SEATTLE, WA   98102",25,,537,537,537,537,537
5643,589754,"1001 4TH AV, SEATTLE, WA   98154",584,,538,538,538,538,538
5644,621902,"701 5TH AVE # 4000, SEATTLE, WA 98104-7072",703,,539,539,539,539,539
5645,638927,"509 OLIVE WY, SEATTLE, WA 98101",125,,540,540,540,540,540
5646,625105,"200 W THOMAS ST, SEATTLE, WA   98109",51,,541,541,541,541,541
5647,584043,"815 PINE ST, SEATTLE, WA   98101",38,,542,542,542,542,542
5648,625097,"109 TAYLOR AV N, SEATTLE, WA   98109",84,,543,543,543,543,543
5649,652556,"1403 WESTERN AV, SEATTLE, WA   98121",50,,544,544,544,544,544
5650,595311,"1910 1ST AV S, SEATTLE, WA   98134",5,,545,545,545,545,545
5651,4579,"166 N 35TH ST, SEATTLE, WA   98103",22,Freemont Lot#35,546,546,546,546,546
5652,634137,"910 BOYLSTON AV, SEATTLE, WA   98104",15,,547,547,547,547,547
5653,625111,"330 YALE AV N, SEATTLE, WA   98119",33,,548,548,548,548,548
5654,587698,"1000 1ST AV, SEATTLE, WA 98104",111,,549,549,549,549,549
5655,632003,"2929 27TH AV S, SEATTLE, WA   98144",75,,550,550,550,550,550
5656,625106,"301 1ST AV W, SEATTLE, WA   98119",28,,551,551,551,551,551
5657,633169,"670 TERRY AV N, SEATTLE, WA 98109",166,Conoco Phillipse Lot,552,552,552,552,552
5658,641665,"714 1ST AV, SEATTLE, WA   98104",260,,553,553,553,553,553
5659,594283,"110 YALE AV N, SEATTLE, WA   98109",16,,554,554,554,554,554
5660,635177,"2600 ELLIOTT AV, SEATTLE, WA   98121",592,,555,555,555,555,555
5661,645782,"2425 S JACKSON ST, SEATTLE, WA   98144",45,,556,556,556,556,556
5662,593913,"202 OCCIDENTAL AV S, SEATTLE, WA   98104",132,,557,557,557,557,557
5663,635172,"200 TAYLOR AV N, SEATTLE, WA   98109",87,,558,558,558,558,558
5664,76149,"305 1ST AV N, SEATTLE, WA   98109",30,,559,559,559,559,559
5665,593016,"1000 7TH AV, SEATTLE, WA   98101",29,,560,560,560,560,560
5666,4517,"201 ROY ST, SEATTLE, WA   98109",60,Seattle Opera Lot #12,561,561,561,561,561
5667,625107,"113 QUEEN ANNE AV N, SEATTLE, WA   98109",28,,562,562,562,562,562
5668,625131,"700 NE 45TH ST, SEATTLE, WA   98105",22,,563,563,563,563,563
5669,4576,"173 N 35TH ST, SEATTLE, WA   98133",36,,564,564,564,564,564
5670,4569,"1006 1ST AV S, SEATTLE, WA   98134",146,Sodo Lot #65,565,565,565,565,565
5671,530469,"1913 4TH AV, SEATTLE, WA   98101",145,,566,566,566,566,566
5672,652236,"5001 RAINIER AV S, SEATTLE, WA 98118",14,,567,567,567,567,567
5673,76159,"215 QUEEN ANNE AV N, SEATTLE, WA   98109",14,,568,568,568,568,568
5674,600950,"110 YALE AV N, SEATTLE, WA   98109",19,,569,569,569,569,569
5675,530473,"2020 5TH AV, SEATTLE, WA   98121",240,,570,570,570,570,570
5676,640021,"1523 HARVARD AV, SEATTLE, WA 98112",18,,571,571,571,571,571
5677,596076,"1010 MARION ST, SEATTLE, WA   98104",218,Cabrini Tower Garage,572,572,572,572,572
5678,634722,"61 VINE ST, SEATTLE, WA   98121",44,,573,573,573,573,573
5679,582890,"2054 NW 57TH ST, SEATTLE, WA   98107",45,,574,574,574,574,574
5680,639316,"1600 W ARMORY WY, SEATTLE, WA   98119",150,,575,575,575,575,575
5681,627199,"720 OLIVE WY, SEATTLE, WA   98101",250,,576,576,576,576,576
5682,533978,"1401 E MADISON ST, SEATTLE, WA   98122",50,Alcoa Bg,577,577,577,577,577
5683,593939,"1810 BOREN AV, SEATTLE, WA   98101",56,,578,578,578,578,578
5684,635164,"123 3RD AV S, SEATTLE, WA   98104",14,,579,579,579,579,579
5685,625177,"1120 NE 45TH ST, SEATTLE, WA   98105",39,,580,580,580,580,580
5686,635166,"411 EASTLAKE AV E, SEATTLE, WA   98109",26,,581,581,581,581,581
5687,593898,"922 1ST AV S, SEATTLE, WA   98104",46,,582,582,582,582,582
5688,4541,"110 1ST AV W, SEATTLE, WA   98119",36,Queen Anne Lot #36,583,583,583,583,583
5689,634724,"2500 ELLIOTT AV, SEATTLE, WA   98121",23,,584,584,584,584,584
5690,519375,"130 5TH AV N, SEATTLE, WA   98109",37,,585,585,585,585,585
5691,555871,"401 ALASKAN WY S #T-46, SEATTLE, WA   98104",188,,586,586,586,586,586
5692,4519,"1920 TERRY AV, SEATTLE, WA   98101",27,Denny Triangle Lot #14,587,587,587,587,587
5693,12242,"501 2ND AV, SEATTLE, WA   98104",252,AMPCO #6119,588,588,588,588,588
5694,595346,"153 14TH AV, SEATTLE, WA   98122",98,,589,589,589,589,589
5695,635720,"222 YALE AV N, SEATTLE, WA   98109",538,7am - 10pm,590,590,590,590,590
5696,634905,"201 S JACKSON ST, SEATTLE, WA   98104",242,,591,591,591,591,591
5697,576754,"1005 6TH AV S, SEATTLE, WA   98134",350,,592,592,592,592,592
5698,519378,"76 YESLER WY, SEATTLE, WA   98104",35,,593,593,593,593,593
5699,603049,"4200 S OTHELLO ST, SEATTLE, WA   98118",46,,594,594,594,594,594
5700,525026,"1113 6TH AV, SEATTLE, WA   98101",98,Crowne Plaza Hotel,595,595,595,595,595
5701,645764,"1013 8TH AV, SEATTLE, WA   98104",10,,596,596,596,596,596
5702,635152,"2134 WESTERN AV, SEATTLE, WA   98121",69,,597,597,597,597,597
5703,596044,"420 E PIKE ST, SEATTLE, WA   98122",82,First Covenent Church,598,598,598,598,598
5704,595348,"302 2ND AV S, SEATTLE, WA   98104",54,,599,599,599,599,599
5705,593942,"1805 MINOR AV, SEATTLE, WA   98101",50,,600,600,600,600,600
5706,4612,"400 ROY ST, SEATTLE, WA   98109",27,Queen Anne Lot #108,601,601,601,601,601
5707,645761,"1320 E PINE ST, SEATTLE, WA 98112",52,,602,602,602,602,602
5708,4562,"501 N 34TH ST, SEATTLE, WA   98103",60,Freemont Lot #62,603,603,603,603,603
5709,583930,"213 CHERRY ST, SEATTLE, WA   98104",225,Cherry Street Garage #4590,604,604,604,604,604
5710,596089,"207 2ND AV S, SEATTLE, WA   98104",48,,605,605,605,605,605
5711,557860,"3605 NE 45TH ST, SEATTLE, WA 98105",20,,606,606,606,606,606
5712,593911,"2404 7TH AV, SEATTLE, WA   98121",26,,607,607,607,607,607
5713,595337,"4801 RAINIER AV S, SEATTLE, WA   98118",131,,608,608,608,608,608
5714,4528,"2238 EASTLAKE AV E, SEATTLE, WA   98102",20,Eastlake Lot #23,609,609,609,609,609
5715,9122,"1301 6TH AV, SEATTLE, WA   98101",525,,610,610,610,610,610
5716,4594,"551 DENNY WY, SEATTLE, WA   98109",33,Seattle Center Lot #90,611,611,611,611,611
5717,604643,"1607 13TH AV, SEATTLE, WA   98122",35,,612,612,612,612,612
5718,535007,"411 1ST AV N, SEATTLE, WA   98109",28,,613,613,613,613,613
5719,4590,"1201 1ST AV S, SEATTLE, WA   98101",224,,614,614,614,614,614
5720,611427,"1191 2ND AV, SEATTLE, WA   98101",392,Second & Seneca Garage,615,615,615,615,615
5721,561457,"315 UNION ST, SEATTLE, WA   98101",601,PSP-COBB GARAGE,616,616,616,616,616
5722,611875,"1915 2ND AV, SEATTLE, WA   98101",152,Second and Stewart Garage,617,617,617,617,617
5723,513310,"104 4TH AV N, SEATTLE, WA   98109",67,,618,618,618,618,618
5724,517528,"550 4TH AV S, SEATTLE, WA   98104",477,,619,619,619,619,619
5725,4556,"824 HOWELL ST, SEATTLE, WA   98101",109,Downtown Lot #51,620,620,620,620,620
5726,593896,"2929 2ND AV, SEATTLE, WA   98121",28,,621,621,621,621,621
5727,573093,"1509 BROADWAY, SEATTLE, WA   98122",27,,622,622,622,622,622
5728,125205,"1030 1ST AV S, SEATTLE, WA   98134",120,,623,623,623,623,623
5729,637801,"101 WESTLAKE AV N, SEATTLE, WA   98109",26,Discovery Center,624,624,624,624,624
5730,611878,"2506 1ST AV, SEATTLE, WA   98101",12,,625,625,625,625,625
5731,542760,"2625 E MONTLAKE PL E, SEATTLE, WA   98112",20,,626,626,626,626,626
5732,595266,"221 YALE AV N, SEATTLE, WA   98109",368,Alley 24,627,627,627,627,627
5733,574136,"912 12TH AV, SEATTLE, WA   98122",23,,628,628,628,628,628
5734,76130,"121 1ST AV N, SEATTLE, WA   98109",30,,629,629,629,629,629
5735,593912,"1605 BELLEVUE AV, SEATTLE, WA   98122",30,,630,630,630,630,630
5736,600835,"1420 5TH AV #400, SEATTLE, WA   98101",1012,,631,631,631,631,631
5737,4509,"170 MERCER ST, SEATTLE, WA   98109",24,,632,632,632,632,632
5738,622438,"127 BOYLSTON AV E, SEATTLE, WA   98102",29,,633,633,633,633,633
5739,76129,"2012 2ND AV, SEATTLE, WA   98101",45,,634,634,634,634,634
5740,637245,"4732 BROOKLYN AV NE, SEATTLE, WA   98105",10,,635,635,635,635,635
5741,593914,"728 12TH AV, SEATTLE, WA   98112",19,,636,636,636,636,636
5742,645765,"3100 RAINIER AV S, SEATTLE, WA   98144",19,,637,637,637,637,637
5743,548443,"2100 6TH AV, SEATTLE, WA   98121",60,,638,638,638,638,638
5744,76155,"525 2ND AV W, SEATTLE, WA   98119",30,,639,639,639,639,639
5745,513321,"1115 BOYLSTON AV, SEATTLE, WA   98104",48,,640,640,640,640,640
5746,632255,"1100 2ND AV, SEATTLE, WA   98101",69,,641,641,641,641,641
5747,593927,"1000 4TH AV S, SEATTLE, WA   98134",150,,642,642,642,642,642
5748,52874,"4336 ROOSEVELT WY NE, SEATTLE, WA   98105",63,,643,643,643,643,643
5749,635157,"401 2ND AV W, SEATTLE, WA   98119",42,,644,644,644,644,644
5750,637757,"1000 NE 45TH ST, SEATTLE, WA   98105",41,,645,645,645,645,645
5751,625123,"401 EASTLAKE AV E, SEATTLE, WA   98102",28,,646,646,646,646,646
5752,642654,"1807 EASTLAKE AV E, SEATTLE, WA   98102",65,,647,647,647,647,647
5753,602978,"1255 HARRISON ST, SEATTLE, WA   98109",70,Pemco Lot,648,648,648,648,648
5754,593920,"10 MERCER ST, SEATTLE, WA   98109",7,,649,649,649,649,649
5755,637746,"401 5TH AV N, SEATTLE, WA   98109",265,Memorial Stadium,650,650,650,650,650
5756,530561,"2025 1ST AV, SEATTLE, WA 98121",181,26 Market Place,651,651,651,651,651
5757,593906,"615 1ST AV, SEATTLE, WA   98104",34,,652,652,652,652,652
5758,596049,"714 DENNY WY, SEATTLE, WA   98109",100,Murata Lot,653,653,653,653,653
5759,625359,"3131 ELLIOTT AV, SEATTLE, WA   98121",218,,654,654,654,654,654
5760,573404,"701 8TH AV S, SEATTLE, WA   98104",78,,655,655,655,655,655
5761,573913,"823 3RD AV, SEATTLE, WA   98104",37,,656,656,656,656,656
5762,52871,"4519 BROOKLYN AV NE, SEATTLE, WA   98105",162,,657,657,657,657,657
5763,17660,"751 S WELLER ST, SEATTLE, WA   98104",13,Merchants Parking #32,658,658,658,658,658
5764,97070,"250 1ST AV N, SEATTLE, WA   98109",650,,659,659,659,659,659
5765,550682,"1943 4TH AV S, SEATTLE, WA   98134",47,,660,660,660,660,660
5766,628638,"5433 LEARY AV NW, SEATTLE, WA   98107",28,,661,661,661,661,661
5767,645732,"1515 HARVARD AV, SEATTLE, WA 98102",18,,662,662,662,662,662
5768,625355,"2901 3RD AV, SEATTLE, WA   98121",355,,663,663,663,663,663
5769,628567,"719 2ND AV, SEATTLE, WA   98104",204,,664,664,664,664,664
5770,613634,"1200 6TH AV, SEATTLE, WA   98101",165,Park Place Building,665,665,665,665,665
5771,76123,"2610 1ST AV, SEATTLE, WA   98121",56,,666,666,666,666,666
5772,635170,"1300 SPRING ST, SEATTLE, WA   98104",16,,667,667,667,667,667
5773,634721,"2210 7TH AV, SEATTLE, WA   98121",26,,668,668,668,668,668
5774,593930,"401 ELLIOTT AV W, SEATTLE, WA   98119",432,,669,669,669,669,669
5775,623659,"424 S MAIN ST, SEATTLE, WA 98104",24,,670,670,670,670,670
5776,602971,"2200 WESTLAKE AV, SEATTLE, WA   98121",414,Westlake Garage,671,671,671,671,671
5777,593924,"4550 9TH AV NE, SEATTLE, WA   98105",31,,672,672,672,672,672
5778,625116,"130 1ST AV W, SEATTLE, WA   98119",50,,673,673,673,673,673
5779,4536,"100 W MERCER ST, SEATTLE, WA   98119",123,Queen Anne Lot #31,674,674,674,674,674
5780,605782,"1818 6TH AV, SEATTLE, WA   98101",138,,675,675,675,675,675
5781,596061,"200 9TH AV N, SEATTLE, WA   98109",42,9th & John Lot,676,676,676,676,676
5782,4549,"2018 1ST AV S, SEATTLE, WA   98121",26,Belltown Lot #44,677,677,677,677,677
5783,4602,"2246 1ST AV S, SEATTLE, WA   98134",56,Stadium Parking Lot #98,678,678,678,678,678
5784,607025,"4526 11TH AV NE, SEATTLE, WA   98105",30,,679,679,679,679,679
5785,593012,"600 STEWART ST, SEATTLE, WA   98101",6,,680,680,680,680,680
5786,513320,"2101 3RD AV, SEATTLE, WA   98121",23,,681,681,681,681,681
5787,651564,"4315 15TH AV NE, SEATTLE, WA 98105",95,,682,682,682,682,682
5788,587227,"1619 3RD AV, SEATTLE, WA 98101",754,3RD & STEWART,683,683,683,683,683
5789,4606,"2317 WESTERN AV, SEATTLE, WA   98121",28,Belltown Lot #102,684,684,684,684,684
5790,596064,"1101 WESTERN AV, SEATTLE, WA   98101",24,Waterfront Place,685,685,685,685,685
5791,655407,"1109 WESTERN AV, SEATTLE, WA 98101",194,Waterfront Place - Lot 103,686,686,686,686,686
